Gen_Index,timepoint,Committed,Started,Shut,TimeOn,TimeOff,Total Held as Primary Synch Reserves (MW),Total Held as Primary NonSynch Reserves (MW),Total Held as Primary Reserves (MW),Total Held as Secondary Reserves (MW)
1,1,1.0,0.0,0.0,201.0,0.0,8.05,0,8.05,9.66
1,2,1.0,-0.0,-0.0,202.0,0.0,8.05,0,8.05,9.66
1,3,1.0,-0.0,-0.0,203.0,0.0,8.05,0,8.05,9.66
1,4,1.0,-0.0,-0.0,204.0,0.0,8.05,0,8.05,9.66
1,5,1.0,-0.0,-0.0,205.0,0.0,8.05,0,8.05,9.66
1,6,1.0,-0.0,-0.0,206.0,0.0,8.05,0,8.05,9.66
1,7,1.0,-0.0,-0.0,207.0,0.0,8.05,0,8.05,9.66
1,8,1.0,-0.0,-0.0,208.0,0.0,8.05,0,8.05,9.66
1,9,1.0,-0.0,-0.0,209.0,0.0,8.05,0,8.05,9.66
1,10,1.0,-0.0,-0.0,210.0,0.0,8.05,0,8.05,9.66
1,11,1.0,-0.0,-0.0,211.0,0.0,8.05,0,8.05,9.66
1,12,1.0,-0.0,-0.0,212.0,0.0,8.05,0,8.05,8.05
1,13,1.0,-0.0,-0.0,213.0,0.0,0,0,0,0
1,14,1.0,-0.0,-0.0,214.0,0.0,0,0,0,0
1,15,1.0,-0.0,-0.0,215.0,0.0,0,0,0,0
1,16,1.0,-0.0,-0.0,216.0,0.0,0,0,0,0
1,17,1.0,-0.0,-0.0,217.0,0.0,0,0,0,0
1,18,1.0,-0.0,-0.0,218.0,0.0,0,0,0,0
1,19,1.0,-0.0,-0.0,219.0,0.0,0,0,0,0
1,20,1.0,-0.0,-0.0,220.0,0.0,0,0,0,0
1,21,1.0,-0.0,-0.0,221.0,0.0,0,0,0,0
1,22,1.0,-0.0,-0.0,222.0,0.0,0,0,0,0
1,23,1.0,-0.0,-0.0,223.0,0.0,8.05,0,8.05,8.05
1,24,1.0,-0.0,-0.0,224.0,0.0,8.05,0,8.05,9.66
1,25,1.0,-0.0,0.0,225.0,0.0,8.05,0,8.05,9.66
1,26,1.0,-0.0,-0.0,226.0,0.0,8.05,0,8.05,9.66
1,27,1.0,-0.0,-0.0,227.0,0.0,8.05,0,8.05,9.66
1,28,1.0,-0.0,-0.0,228.0,0.0,8.05,0,8.05,9.66
1,29,1.0,-0.0,-0.0,229.0,0.0,8.05,0,8.05,9.66
1,30,1.0,-0.0,-0.0,230.0,0.0,8.05,0,8.05,9.66
1,31,1.0,-0.0,-0.0,231.0,0.0,8.05,0,8.05,9.66
1,32,1.0,-0.0,-0.0,232.0,0.0,8.05,0,8.05,9.66
1,33,1.0,-0.0,-0.0,233.0,0.0,8.05,0,8.05,9.66
1,34,1.0,-0.0,-0.0,234.0,0.0,8.05,0,8.05,9.66
1,35,1.0,-0.0,-0.0,235.0,0.0,8.05,0,8.05,9.66
1,36,1.0,-0.0,-0.0,236.0,0.0,8.05,0,8.05,8.05
1,37,1.0,-0.0,-0.0,237.0,0.0,8.05,0,8.05,8.05
1,38,1.0,-0.0,-0.0,238.0,0.0,0,0,0,0
1,39,1.0,-0.0,-0.0,239.0,0.0,0,0,0,0
1,40,1.0,-0.0,-0.0,240.0,0.0,0,0,0,0
1,41,1.0,-0.0,-0.0,241.0,0.0,0,0,0,0
1,42,1.0,-0.0,-0.0,242.0,0.0,0,0,0,0
1,43,1.0,-0.0,-0.0,243.0,0.0,0,0,0,0
1,44,1.0,-0.0,-0.0,244.0,0.0,0,0,0,0
1,45,1.0,-0.0,-0.0,245.0,0.0,0,0,0,0
1,46,1.0,-0.0,-0.0,246.0,0.0,0,0,0,0
1,47,1.0,-0.0,-0.0,247.0,0.0,8.05,0,8.05,8.05
1,48,1.0,-0.0,-0.0,248.0,0.0,8.05,0,8.05,9.66
2,1,0.0,0.0,1.0,0.0,1.0,0,5000.00,5000.00,5000.00
2,2,0.0,0.0,0.0,0.0,2.0,0,5000.00,5000.00,5000.00
2,3,0.0,0.0,0.0,0.0,3.0,0,5000.00,5000.00,5000.00
2,4,0.0,0.0,0.0,0.0,4.0,0,5000.00,5000.00,5000.00
2,5,0.0,0.0,0.0,0.0,5.0,0,5000.00,5000.00,5000.00
2,6,0.0,0.0,0.0,0.0,6.0,0,5000.00,5000.00,5000.00
2,7,0.0,0.0,0.0,0.0,7.0,0,5000.00,5000.00,5000.00
2,8,0.0,0.0,0.0,0.0,8.0,0,5000.00,5000.00,5000.00
2,9,0.0,0.0,0.0,0.0,9.0,0,5000.00,5000.00,5000.00
2,10,0.0,0.0,0.0,0.0,10.0,0,5000.00,5000.00,5000.00
2,11,0.0,0.0,0.0,0.0,11.0,0,5000.00,5000.00,5000.00
2,12,0.0,0.0,0.0,0.0,12.0,0,5000.00,5000.00,5000.00
2,13,0.0,0.0,0.0,0.0,13.0,0,5000.00,5000.00,5000.00
2,14,0.0,0.0,0.0,0.0,14.0,0,5000.00,5000.00,5000.00
2,15,0.0,0.0,0.0,0.0,15.0,0,5000.00,5000.00,5000.00
2,16,0.0,0.0,0.0,0.0,16.0,0,5000.00,5000.00,5000.00
2,17,0.0,0.0,0.0,0.0,17.0,0,5000.00,5000.00,5000.00
2,18,0.0,0.0,0.0,0.0,18.0,0,5000.00,5000.00,5000.00
2,19,0.0,0.0,0.0,0.0,19.0,0,5000.00,5000.00,5000.00
2,20,0.0,0.0,0.0,0.0,20.0,0,5000.00,5000.00,5000.00
2,21,0.0,0.0,0.0,0.0,21.0,0,5000.00,5000.00,5000.00
2,22,0.0,0.0,0.0,0.0,22.0,0,5000.00,5000.00,5000.00
2,23,0.0,0.0,0.0,0.0,23.0,0,5000.00,5000.00,5000.00
2,24,0.0,0.0,0.0,0.0,24.0,0,5000.00,5000.00,5000.00
2,25,0.0,0.0,0.0,0.0,25.0,0,5000.00,5000.00,5000.00
2,26,0.0,0.0,0.0,0.0,26.0,0,5000.00,5000.00,5000.00
2,27,0.0,0.0,0.0,0.0,27.0,0,5000.00,5000.00,5000.00
2,28,0.0,0.0,0.0,0.0,28.0,0,5000.00,5000.00,5000.00
2,29,0.0,0.0,0.0,0.0,29.0,0,5000.00,5000.00,5000.00
2,30,0.0,0.0,0.0,0.0,30.0,0,5000.00,5000.00,5000.00
2,31,-0.0,-0.0,0.0,0.0,31.0,0,5000.00,5000.00,5000.00
2,32,-0.0,-0.0,-0.0,0.0,32.0,0,5000.00,5000.00,5000.00
2,33,-0.0,-0.0,-0.0,0.0,33.0,0,5000.00,5000.00,5000.00
2,34,-0.0,-0.0,-0.0,0.0,34.0,0,5000.00,5000.00,5000.00
2,35,-0.0,-0.0,-0.0,0.0,35.0,0,5000.00,5000.00,5000.00
2,36,0.0,-0.0,-0.0,0.0,36.0,0,5000.00,5000.00,5000.00
2,37,0.0,-0.0,-0.0,0.0,37.0,0,5000.00,5000.00,5000.00
2,38,0.0,-0.0,-0.0,0.0,38.0,0,5000.00,5000.00,5000.00
2,39,0.0,-0.0,-0.0,0.0,39.0,0,5000.00,5000.00,5000.00
2,40,0.0,-0.0,-0.0,0.0,40.0,0,5000.00,5000.00,5000.00
2,41,0.0,-0.0,-0.0,0.0,41.0,0,5000.00,5000.00,5000.00
2,42,0.0,-0.0,-0.0,0.0,42.0,0,5000.00,5000.00,5000.00
2,43,0.0,-0.0,-0.0,0.0,43.0,0,5000.00,5000.00,5000.00
2,44,0.0,-0.0,-0.0,0.0,44.0,0,5000.00,5000.00,5000.00
2,45,0.0,-0.0,-0.0,0.0,45.0,0,5000.00,5000.00,5000.00
2,46,0.0,-0.0,-0.0,0.0,46.0,0,5000.00,5000.00,5000.00
2,47,0.0,0.0,-0.0,0.0,47.0,0,5000.00,5000.00,5000.00
2,48,-0.0,-0.0,-0.0,0.0,48.0,0,5000.00,5000.00,5000.00
3,1,1.0,0.0,0.0,201.0,0.0,22.00,0,22.00,26.40
3,2,1.0,-0.0,-0.0,202.0,0.0,22.00,0,22.00,26.40
3,3,1.0,-0.0,-0.0,203.0,0.0,22.00,0,22.00,26.40
3,4,1.0,-0.0,-0.0,204.0,0.0,22.00,0,22.00,26.40
3,5,1.0,-0.0,-0.0,205.0,0.0,22.00,0,22.00,26.40
3,6,1.0,-0.0,-0.0,206.0,0.0,22.00,0,22.00,26.40
3,7,1.0,-0.0,-0.0,207.0,0.0,22.00,0,22.00,26.40
3,8,1.0,-0.0,-0.0,208.0,0.0,22.00,0,22.00,26.40
3,9,1.0,-0.0,-0.0,209.0,0.0,22.00,0,22.00,26.40
3,10,1.0,-0.0,-0.0,210.0,0.0,22.00,0,22.00,26.40
3,11,1.0,-0.0,-0.0,211.0,0.0,22.00,0,22.00,26.40
3,12,1.0,-0.0,-0.0,212.0,0.0,22.00,0,22.00,22.00
3,13,1.0,-0.0,-0.0,213.0,0.0,0,0,0,0
3,14,1.0,-0.0,-0.0,214.0,0.0,0,0,0,0
3,15,1.0,-0.0,-0.0,215.0,0.0,0,0,0,0
3,16,1.0,-0.0,-0.0,216.0,0.0,0,0,0,0
3,17,1.0,-0.0,-0.0,217.0,0.0,0,0,0,0
3,18,1.0,-0.0,-0.0,218.0,0.0,0,0,0,0
3,19,1.0,-0.0,-0.0,219.0,0.0,0,0,0,0
3,20,1.0,-0.0,-0.0,220.0,0.0,0,0,0,0
3,21,1.0,-0.0,-0.0,221.0,0.0,0,0,0,0
3,22,1.0,-0.0,-0.0,222.0,0.0,0,0,0,0
3,23,1.0,-0.0,-0.0,223.0,0.0,22.00,0,22.00,22.00
3,24,1.0,-0.0,-0.0,224.0,0.0,22.00,0,22.00,26.40
3,25,1.0,-0.0,0.0,225.0,0.0,22.00,0,22.00,26.40
3,26,1.0,-0.0,-0.0,226.0,0.0,22.00,0,22.00,26.40
3,27,1.0,-0.0,-0.0,227.0,0.0,22.00,0,22.00,26.40
3,28,1.0,-0.0,-0.0,228.0,0.0,22.00,0,22.00,26.40
3,29,1.0,-0.0,-0.0,229.0,0.0,22.00,0,22.00,26.40
3,30,1.0,-0.0,-0.0,230.0,0.0,22.00,0,22.00,26.40
3,31,1.0,-0.0,-0.0,231.0,0.0,22.00,0,22.00,26.40
3,32,1.0,-0.0,-0.0,232.0,0.0,22.00,0,22.00,26.40
3,33,1.0,-0.0,-0.0,233.0,0.0,22.00,0,22.00,26.40
3,34,1.0,-0.0,-0.0,234.0,0.0,22.00,0,22.00,26.40
3,35,1.0,-0.0,-0.0,235.0,0.0,22.00,0,22.00,26.40
3,36,1.0,-0.0,-0.0,236.0,0.0,22.00,0,22.00,22.00
3,37,1.0,-0.0,-0.0,237.0,0.0,22.00,0,22.00,22.00
3,38,1.0,-0.0,-0.0,238.0,0.0,0,0,0,0
3,39,1.0,-0.0,-0.0,239.0,0.0,0,0,0,0
3,40,1.0,-0.0,-0.0,240.0,0.0,0,0,0,0
3,41,1.0,-0.0,-0.0,241.0,0.0,0,0,0,0
3,42,1.0,-0.0,-0.0,242.0,0.0,0,0,0,0
3,43,1.0,-0.0,-0.0,243.0,0.0,0,0,0,0
3,44,1.0,-0.0,-0.0,244.0,0.0,0,0,0,0
3,45,1.0,-0.0,-0.0,245.0,0.0,0,0,0,0
3,46,1.0,-0.0,-0.0,246.0,0.0,0,0,0,0
3,47,1.0,-0.0,-0.0,247.0,0.0,22.00,0,22.00,22.00
3,48,1.0,-0.0,-0.0,248.0,0.0,22.00,0,22.00,26.40
4,1,1.0,0.0,0.0,201.0,0.0,109.50,0,109.50,0
4,2,1.0,-0.0,-0.0,202.0,0.0,109.50,0,109.50,0
4,3,1.0,-0.0,-0.0,203.0,0.0,109.50,0,109.50,0
4,4,1.0,-0.0,-0.0,204.0,0.0,109.50,0,109.50,0
4,5,1.0,-0.0,-0.0,205.0,0.0,109.50,0,109.50,0
4,6,1.0,-0.0,-0.0,206.0,0.0,109.50,0,109.50,0
4,7,1.0,-0.0,-0.0,207.0,0.0,109.50,0,109.50,0
4,8,1.0,-0.0,-0.0,208.0,0.0,109.50,0,109.50,0
4,9,1.0,-0.0,-0.0,209.0,0.0,109.50,0,109.50,0
4,10,1.0,-0.0,-0.0,210.0,0.0,109.50,0,109.50,0
4,11,1.0,-0.0,-0.0,211.0,0.0,109.50,0,109.50,0
4,12,1.0,-0.0,-0.0,212.0,0.0,109.50,0,109.50,0
4,13,1.0,-0.0,-0.0,213.0,0.0,0,0,0,0
4,14,1.0,-0.0,-0.0,214.0,0.0,0,0,0,0
4,15,1.0,-0.0,-0.0,215.0,0.0,0,0,0,0
4,16,1.0,-0.0,-0.0,216.0,0.0,0,0,0,0
4,17,1.0,-0.0,-0.0,217.0,0.0,0,0,0,0
4,18,1.0,-0.0,-0.0,218.0,0.0,0,0,0,0
4,19,1.0,-0.0,-0.0,219.0,0.0,0,0,0,0
4,20,1.0,-0.0,-0.0,220.0,0.0,0,0,0,0
4,21,1.0,-0.0,-0.0,221.0,0.0,0,0,0,0
4,22,1.0,-0.0,-0.0,222.0,0.0,0,0,0,0
4,23,1.0,-0.0,-0.0,223.0,0.0,109.50,0,109.50,0
4,24,1.0,-0.0,-0.0,224.0,0.0,109.50,0,109.50,0
4,25,1.0,-0.0,0.0,225.0,0.0,109.50,0,109.50,0
4,26,1.0,-0.0,-0.0,226.0,0.0,109.50,0,109.50,0
4,27,1.0,-0.0,-0.0,227.0,0.0,109.50,0,109.50,0
4,28,1.0,-0.0,-0.0,228.0,0.0,109.50,0,109.50,0
4,29,1.0,-0.0,-0.0,229.0,0.0,109.50,0,109.50,0
4,30,1.0,-0.0,-0.0,230.0,0.0,109.50,0,109.50,0
4,31,1.0,-0.0,-0.0,231.0,0.0,109.50,0,109.50,0
4,32,1.0,-0.0,-0.0,232.0,0.0,109.50,0,109.50,0
4,33,1.0,-0.0,-0.0,233.0,0.0,109.50,0,109.50,0
4,34,1.0,-0.0,-0.0,234.0,0.0,109.50,0,109.50,0
4,35,1.0,-0.0,-0.0,235.0,0.0,109.50,0,109.50,0
4,36,1.0,-0.0,-0.0,236.0,0.0,109.50,0,109.50,0
4,37,1.0,-0.0,-0.0,237.0,0.0,109.50,0,109.50,109.50
4,38,1.0,-0.0,-0.0,238.0,0.0,0,0,0,0
4,39,1.0,-0.0,-0.0,239.0,0.0,0,0,0,0
4,40,1.0,-0.0,-0.0,240.0,0.0,0,0,0,0
4,41,1.0,-0.0,-0.0,241.0,0.0,0,0,0,0
4,42,1.0,-0.0,-0.0,242.0,0.0,0,0,0,0
4,43,1.0,-0.0,-0.0,243.0,0.0,0,0,0,0
4,44,1.0,-0.0,-0.0,244.0,0.0,0,0,0,0
4,45,1.0,-0.0,-0.0,245.0,0.0,0,0,0,0
4,46,1.0,-0.0,-0.0,246.0,0.0,0,0,0,0
4,47,1.0,-0.0,-0.0,247.0,0.0,109.50,0,109.50,0
4,48,1.0,-0.0,-0.0,248.0,0.0,109.50,0,109.50,0
8,1,1.0,0.0,0.0,201.0,0.0,58.00,0,58.00,0
8,2,1.0,-0.0,-0.0,202.0,0.0,58.00,0,58.00,0
8,3,1.0,-0.0,-0.0,203.0,0.0,58.00,0,58.00,0
8,4,1.0,-0.0,-0.0,204.0,0.0,58.00,0,58.00,0
8,5,1.0,-0.0,-0.0,205.0,0.0,58.00,0,58.00,0
8,6,1.0,-0.0,-0.0,206.0,0.0,58.00,0,58.00,0
8,7,1.0,-0.0,-0.0,207.0,0.0,58.00,0,58.00,0
8,8,1.0,-0.0,-0.0,208.0,0.0,58.00,0,58.00,0
8,9,1.0,-0.0,-0.0,209.0,0.0,58.00,0,58.00,0
8,10,1.0,-0.0,-0.0,210.0,0.0,58.00,0,58.00,0
8,11,1.0,-0.0,-0.0,211.0,0.0,58.00,0,58.00,0
8,12,1.0,-0.0,-0.0,212.0,0.0,58.00,0,58.00,0
8,13,1.0,-0.0,-0.0,213.0,0.0,58.00,0,58.00,0
8,14,1.0,-0.0,-0.0,214.0,0.0,58.00,0,58.00,0
8,15,1.0,-0.0,-0.0,215.0,0.0,58.00,0,58.00,0
8,16,1.0,-0.0,-0.0,216.0,0.0,58.00,0,58.00,0
8,17,1.0,-0.0,-0.0,217.0,0.0,58.00,0,58.00,0
8,18,1.0,-0.0,-0.0,218.0,0.0,58.00,0,58.00,0
8,19,1.0,-0.0,-0.0,219.0,0.0,58.00,0,58.00,0
8,20,1.0,-0.0,-0.0,220.0,0.0,58.00,0,58.00,0
8,21,1.0,-0.0,-0.0,221.0,0.0,58.00,0,58.00,0
8,22,1.0,-0.0,-0.0,222.0,0.0,58.00,0,58.00,0
8,23,1.0,-0.0,0.0,223.0,0.0,58.00,0,58.00,0
8,24,1.0,-0.0,-0.0,224.0,0.0,58.00,0,58.00,0
8,25,1.0,-0.0,0.0,225.0,0.0,58.00,0,58.00,0
8,26,1.0,-0.0,-0.0,226.0,0.0,58.00,0,58.00,0
8,27,1.0,-0.0,-0.0,227.0,0.0,58.00,0,58.00,0
8,28,1.0,-0.0,-0.0,228.0,0.0,58.00,0,58.00,0
8,29,1.0,-0.0,-0.0,229.0,0.0,58.00,0,58.00,0
8,30,1.0,-0.0,-0.0,230.0,0.0,58.00,0,58.00,0
8,31,1.0,-0.0,-0.0,231.0,0.0,58.00,0,58.00,0
8,32,1.0,-0.0,-0.0,232.0,0.0,58.00,0,58.00,0
8,33,1.0,-0.0,-0.0,233.0,0.0,58.00,0,58.00,0
8,34,1.0,-0.0,-0.0,234.0,0.0,58.00,0,58.00,0
8,35,1.0,-0.0,-0.0,235.0,0.0,58.00,0,58.00,0
8,36,1.0,-0.0,-0.0,236.0,0.0,58.00,0,58.00,0
8,37,1.0,-0.0,-0.0,237.0,0.0,58.00,0,58.00,58.00
8,38,1.0,-0.0,-0.0,238.0,0.0,58.00,0,58.00,0
8,39,1.0,-0.0,-0.0,239.0,0.0,58.00,0,58.00,0
8,40,1.0,-0.0,-0.0,240.0,0.0,58.00,0,58.00,0
8,41,1.0,-0.0,-0.0,241.0,0.0,58.00,0,58.00,0
8,42,1.0,-0.0,-0.0,242.0,0.0,58.00,0,58.00,0
8,43,1.0,-0.0,-0.0,243.0,0.0,58.00,0,58.00,0
8,44,1.0,-0.0,-0.0,244.0,0.0,58.00,0,58.00,0
8,45,1.0,-0.0,-0.0,245.0,0.0,58.00,0,58.00,0
8,46,1.0,-0.0,-0.0,246.0,0.0,58.00,0,58.00,0
8,47,1.0,-0.0,-0.0,247.0,0.0,58.00,0,58.00,69.60
8,48,-0.0,-0.0,1.0,-0.0,1.0,0,0,0,0
9,1,1.0,0.0,0.0,201.0,0.0,39.50,0,39.50,0
9,2,1.0,-0.0,-0.0,202.0,0.0,39.50,0,39.50,0
9,3,1.0,-0.0,-0.0,203.0,0.0,39.50,0,39.50,0
9,4,1.0,-0.0,-0.0,204.0,0.0,39.50,0,39.50,0
9,5,1.0,-0.0,-0.0,205.0,0.0,39.50,0,39.50,0
9,6,1.0,-0.0,-0.0,206.0,0.0,39.50,0,39.50,0
9,7,1.0,-0.0,-0.0,207.0,0.0,39.50,0,39.50,0
9,8,1.0,-0.0,-0.0,208.0,0.0,39.50,0,39.50,0
9,9,1.0,-0.0,-0.0,209.0,0.0,39.50,0,39.50,0
9,10,1.0,-0.0,-0.0,210.0,0.0,39.50,0,39.50,0
9,11,1.0,-0.0,-0.0,211.0,0.0,39.50,0,39.50,0
9,12,1.0,-0.0,-0.0,212.0,0.0,39.50,0,39.50,0
9,13,1.0,-0.0,-0.0,213.0,0.0,0,0,0,0
9,14,1.0,-0.0,-0.0,214.0,0.0,0,0,0,0
9,15,1.0,-0.0,-0.0,215.0,0.0,0,0,0,0
9,16,1.0,-0.0,-0.0,216.0,0.0,0,0,0,0
9,17,1.0,-0.0,-0.0,217.0,0.0,0,0,0,0
9,18,1.0,-0.0,-0.0,218.0,0.0,0,0,0,0
9,19,1.0,-0.0,-0.0,219.0,0.0,0,0,0,0
9,20,1.0,-0.0,-0.0,220.0,0.0,0,0,0,0
9,21,1.0,-0.0,-0.0,221.0,0.0,0,0,0,0
9,22,1.0,-0.0,-0.0,222.0,0.0,0,0,0,0
9,23,1.0,-0.0,-0.0,223.0,0.0,39.50,0,39.50,0
9,24,1.0,-0.0,-0.0,224.0,0.0,39.50,0,39.50,0
9,25,1.0,-0.0,0.0,225.0,0.0,39.50,0,39.50,0
9,26,1.0,-0.0,-0.0,226.0,0.0,39.50,0,39.50,0
9,27,1.0,-0.0,-0.0,227.0,0.0,39.50,0,39.50,0
9,28,1.0,-0.0,-0.0,228.0,0.0,39.50,0,39.50,0
9,29,1.0,-0.0,-0.0,229.0,0.0,39.50,0,39.50,0
9,30,1.0,-0.0,-0.0,230.0,0.0,39.50,0,39.50,0
9,31,1.0,-0.0,-0.0,231.0,0.0,39.50,0,39.50,0
9,32,1.0,-0.0,-0.0,232.0,0.0,39.50,0,39.50,0
9,33,1.0,-0.0,-0.0,233.0,0.0,39.50,0,39.50,0
9,34,1.0,-0.0,-0.0,234.0,0.0,39.50,0,39.50,0
9,35,1.0,-0.0,-0.0,235.0,0.0,39.50,0,39.50,0
9,36,1.0,-0.0,-0.0,236.0,0.0,39.50,0,39.50,0
9,37,1.0,-0.0,-0.0,237.0,0.0,39.50,0,39.50,39.50
9,38,1.0,-0.0,-0.0,238.0,0.0,0,0,0,0
9,39,1.0,-0.0,-0.0,239.0,0.0,0,0,0,0
9,40,1.0,-0.0,-0.0,240.0,0.0,0,0,0,0
9,41,1.0,-0.0,-0.0,241.0,0.0,0,0,0,0
9,42,1.0,-0.0,-0.0,242.0,0.0,0,0,0,0
9,43,1.0,-0.0,-0.0,243.0,0.0,0,0,0,0
9,44,1.0,-0.0,-0.0,244.0,0.0,0,0,0,0
9,45,1.0,-0.0,-0.0,245.0,0.0,0,0,0,0
9,46,1.0,-0.0,-0.0,246.0,0.0,0,0,0,0
9,47,1.0,-0.0,-0.0,247.0,0.0,39.50,0,39.50,0
9,48,1.0,-0.0,0.0,248.0,0.0,39.50,0,39.50,0
10,1,1.0,0.0,0.0,201.0,0.0,5.50,0,5.50,0
10,2,1.0,-0.0,-0.0,202.0,0.0,5.50,0,5.50,0
10,3,1.0,-0.0,-0.0,203.0,0.0,5.50,0,5.50,0
10,4,1.0,-0.0,-0.0,204.0,0.0,5.50,0,5.50,0
10,5,1.0,-0.0,-0.0,205.0,0.0,5.50,0,5.50,0
10,6,1.0,-0.0,-0.0,206.0,0.0,5.50,0,5.50,0
10,7,1.0,-0.0,-0.0,207.0,0.0,5.50,0,5.50,0
10,8,1.0,-0.0,-0.0,208.0,0.0,5.50,0,5.50,0
10,9,1.0,-0.0,-0.0,209.0,0.0,5.50,0,5.50,0
10,10,1.0,-0.0,-0.0,210.0,0.0,5.50,0,5.50,0
10,11,1.0,-0.0,-0.0,211.0,0.0,5.50,0,5.50,0
10,12,1.0,-0.0,-0.0,212.0,0.0,5.50,0,5.50,0
10,13,1.0,-0.0,-0.0,213.0,0.0,0,0,0,0
10,14,1.0,-0.0,-0.0,214.0,0.0,0,0,0,0
10,15,1.0,-0.0,-0.0,215.0,0.0,0,0,0,0
10,16,1.0,-0.0,-0.0,216.0,0.0,0,0,0,0
10,17,1.0,-0.0,-0.0,217.0,0.0,0,0,0,0
10,18,1.0,-0.0,-0.0,218.0,0.0,0,0,0,0
10,19,1.0,-0.0,-0.0,219.0,0.0,0,0,0,0
10,20,1.0,-0.0,-0.0,220.0,0.0,0,0,0,0
10,21,1.0,-0.0,-0.0,221.0,0.0,0,0,0,0
10,22,1.0,-0.0,-0.0,222.0,0.0,0,0,0,0
10,23,1.0,-0.0,-0.0,223.0,0.0,5.50,0,5.50,0
10,24,1.0,-0.0,-0.0,224.0,0.0,5.50,0,5.50,0
10,25,1.0,-0.0,0.0,225.0,0.0,5.50,0,5.50,0
10,26,1.0,-0.0,-0.0,226.0,0.0,5.50,0,5.50,0
10,27,1.0,-0.0,-0.0,227.0,0.0,5.50,0,5.50,0
10,28,1.0,-0.0,-0.0,228.0,0.0,5.50,0,5.50,0
10,29,1.0,-0.0,-0.0,229.0,0.0,5.50,0,5.50,0
10,30,1.0,-0.0,-0.0,230.0,0.0,5.50,0,5.50,0
10,31,1.0,-0.0,-0.0,231.0,0.0,5.50,0,5.50,0
10,32,1.0,-0.0,-0.0,232.0,0.0,5.50,0,5.50,0
10,33,1.0,-0.0,-0.0,233.0,0.0,5.50,0,5.50,0
10,34,1.0,-0.0,0.0,234.0,0.0,5.50,0,5.50,0
10,35,1.0,-0.0,-0.0,235.0,0.0,5.50,0,5.50,0
10,36,1.0,-0.0,-0.0,236.0,0.0,5.50,0,5.50,0
10,37,1.0,-0.0,-0.0,237.0,0.0,0,0,0,0
10,38,1.0,-0.0,-0.0,238.0,0.0,0,0,0,0
10,39,1.0,-0.0,-0.0,239.0,0.0,0,0,0,0
10,40,1.0,-0.0,-0.0,240.0,0.0,0,0,0,0
10,41,1.0,-0.0,-0.0,241.0,0.0,0,0,0,0
10,42,1.0,-0.0,-0.0,242.0,0.0,0,0,0,0
10,43,1.0,-0.0,-0.0,243.0,0.0,0,0,0,0
10,44,1.0,-0.0,-0.0,244.0,0.0,0,0,0,0
10,45,1.0,-0.0,-0.0,245.0,0.0,0,0,0,0
10,46,1.0,-0.0,-0.0,246.0,0.0,0,0,0,0
10,47,1.0,-0.0,-0.0,247.0,0.0,5.50,0,5.50,0
10,48,1.0,-0.0,-0.0,248.0,0.0,5.50,0,5.50,0
12,1,0.0,0.0,1.0,0.0,1.0,0,16.00,16.00,16.00
12,2,0.0,0.0,0.0,0.0,2.0,0,16.00,16.00,16.00
12,3,0.0,0.0,0.0,0.0,3.0,0,16.00,16.00,16.00
12,4,0.0,0.0,0.0,0.0,4.0,0,16.00,16.00,16.00
12,5,0.0,0.0,0.0,0.0,5.0,0,16.00,16.00,16.00
12,6,0.0,0.0,0.0,0.0,6.0,0,16.00,16.00,16.00
12,7,0.0,0.0,0.0,0.0,7.0,0,16.00,16.00,16.00
12,8,0.0,0.0,0.0,0.0,8.0,0,16.00,16.00,16.00
12,9,0.0,0.0,0.0,0.0,9.0,0,16.00,16.00,16.00
12,10,0.0,0.0,0.0,0.0,10.0,0,16.00,16.00,16.00
12,11,0.0,0.0,0.0,0.0,11.0,0,16.00,16.00,16.00
12,12,0.0,0.0,0.0,0.0,12.0,0,16.00,16.00,16.00
12,13,0.0,0.0,0.0,0.0,13.0,0,16.00,16.00,16.00
12,14,0.0,0.0,0.0,0.0,14.0,0,16.00,16.00,16.00
12,15,0.0,0.0,0.0,0.0,15.0,0,16.00,16.00,16.00
12,16,0.0,0.0,0.0,0.0,16.0,0,16.00,16.00,16.00
12,17,0.0,0.0,0.0,0.0,17.0,0,16.00,16.00,16.00
12,18,0.0,0.0,0.0,0.0,18.0,0,16.00,16.00,16.00
12,19,0.0,0.0,0.0,0.0,19.0,0,16.00,16.00,16.00
12,20,0.0,0.0,0.0,0.0,20.0,0,16.00,16.00,16.00
12,21,0.0,0.0,0.0,0.0,21.0,0,16.00,16.00,16.00
12,22,0.0,0.0,0.0,0.0,22.0,0,16.00,16.00,16.00
12,23,0.0,0.0,0.0,0.0,23.0,0,16.00,16.00,16.00
12,24,0.0,0.0,0.0,0.0,24.0,0,16.00,16.00,16.00
12,25,0.0,0.0,0.0,0.0,25.0,0,16.00,16.00,16.00
12,26,0.0,0.0,0.0,0.0,26.0,0,16.00,16.00,16.00
12,27,0.0,0.0,0.0,0.0,27.0,0,16.00,16.00,16.00
12,28,0.0,0.0,0.0,0.0,28.0,0,16.00,16.00,16.00
12,29,0.0,0.0,0.0,0.0,29.0,0,16.00,16.00,16.00
12,30,0.0,0.0,0.0,0.0,30.0,0,16.00,16.00,16.00
12,31,0.0,0.0,0.0,0.0,31.0,0,16.00,16.00,16.00
12,32,0.0,0.0,0.0,0.0,32.0,0,16.00,16.00,16.00
12,33,0.0,0.0,0.0,0.0,33.0,0,16.00,16.00,16.00
12,34,0.0,0.0,0.0,0.0,34.0,0,16.00,16.00,16.00
12,35,0.0,0.0,0.0,0.0,35.0,0,16.00,16.00,16.00
12,36,0.0,0.0,0.0,0.0,36.0,0,16.00,16.00,16.00
12,37,0.0,0.0,0.0,0.0,37.0,0,16.00,16.00,16.00
12,38,0.0,0.0,0.0,0.0,38.0,0,16.00,16.00,16.00
12,39,0.0,0.0,0.0,0.0,39.0,0,16.00,16.00,16.00
12,40,0.0,0.0,0.0,0.0,40.0,0,16.00,16.00,16.00
12,41,0.0,0.0,0.0,0.0,41.0,0,16.00,16.00,16.00
12,42,0.0,0.0,0.0,0.0,42.0,0,16.00,16.00,16.00
12,43,0.0,0.0,0.0,0.0,43.0,0,16.00,16.00,16.00
12,44,0.0,0.0,0.0,0.0,44.0,0,16.00,16.00,16.00
12,45,0.0,0.0,0.0,0.0,45.0,0,16.00,16.00,16.00
12,46,0.0,0.0,0.0,0.0,46.0,0,16.00,16.00,16.00
12,47,-0.0,0.0,0.0,0.0,47.0,0,16.00,16.00,16.00
12,48,0.0,0.0,0.0,0.0,48.0,0,16.00,16.00,16.00
13,1,1.0,0.0,0.0,201.0,0.0,55.00,0,55.00,0
13,2,1.0,-0.0,-0.0,202.0,0.0,55.00,0,55.00,0
13,3,1.0,-0.0,-0.0,203.0,0.0,55.00,0,55.00,0
13,4,1.0,-0.0,-0.0,204.0,0.0,55.00,0,55.00,0
13,5,1.0,-0.0,-0.0,205.0,0.0,55.00,0,55.00,0
13,6,1.0,-0.0,-0.0,206.0,0.0,55.00,0,55.00,0
13,7,1.0,-0.0,-0.0,207.0,0.0,55.00,0,55.00,0
13,8,1.0,-0.0,-0.0,208.0,0.0,55.00,0,55.00,0
13,9,1.0,-0.0,-0.0,209.0,0.0,55.00,0,55.00,0
13,10,1.0,-0.0,-0.0,210.0,0.0,55.00,0,55.00,0
13,11,1.0,-0.0,-0.0,211.0,0.0,55.00,0,55.00,0
13,12,1.0,-0.0,-0.0,212.0,0.0,55.00,0,55.00,0
13,13,1.0,-0.0,-0.0,213.0,0.0,0,0,0,0
13,14,1.0,-0.0,-0.0,214.0,0.0,0,0,0,0
13,15,1.0,-0.0,-0.0,215.0,0.0,0,0,0,0
13,16,1.0,-0.0,-0.0,216.0,0.0,0,0,0,0
13,17,1.0,-0.0,-0.0,217.0,0.0,0,0,0,0
13,18,1.0,-0.0,-0.0,218.0,0.0,0,0,0,0
13,19,1.0,-0.0,-0.0,219.0,0.0,0,0,0,0
13,20,1.0,-0.0,-0.0,220.0,0.0,0,0,0,0
13,21,1.0,-0.0,-0.0,221.0,0.0,0,0,0,0
13,22,1.0,-0.0,-0.0,222.0,0.0,0,0,0,0
13,23,1.0,-0.0,-0.0,223.0,0.0,55.00,0,55.00,0
13,24,1.0,-0.0,-0.0,224.0,0.0,55.00,0,55.00,0
13,25,1.0,-0.0,0.0,225.0,0.0,55.00,0,55.00,0
13,26,1.0,-0.0,-0.0,226.0,0.0,55.00,0,55.00,0
13,27,1.0,-0.0,-0.0,227.0,0.0,55.00,0,55.00,0
13,28,1.0,-0.0,-0.0,228.0,0.0,55.00,0,55.00,0
13,29,1.0,-0.0,-0.0,229.0,0.0,55.00,0,55.00,0
13,30,1.0,-0.0,-0.0,230.0,0.0,55.00,0,55.00,0
13,31,1.0,-0.0,-0.0,231.0,0.0,55.00,0,55.00,0
13,32,1.0,-0.0,-0.0,232.0,0.0,55.00,0,55.00,0
13,33,1.0,-0.0,-0.0,233.0,0.0,55.00,0,55.00,0
13,34,1.0,-0.0,-0.0,234.0,0.0,55.00,0,55.00,0
13,35,1.0,-0.0,-0.0,235.0,0.0,55.00,0,55.00,0
13,36,1.0,-0.0,-0.0,236.0,0.0,55.00,0,55.00,0
13,37,1.0,-0.0,-0.0,237.0,0.0,17.77,0,17.77,0
13,38,1.0,-0.0,-0.0,238.0,0.0,0,0,0,0
13,39,1.0,-0.0,-0.0,239.0,0.0,0,0,0,0
13,40,1.0,-0.0,-0.0,240.0,0.0,0,0,0,0
13,41,1.0,-0.0,-0.0,241.0,0.0,0,0,0,0
13,42,1.0,-0.0,-0.0,242.0,0.0,0,0,0,0
13,43,1.0,-0.0,-0.0,243.0,0.0,0,0,0,0
13,44,1.0,-0.0,-0.0,244.0,0.0,0,0,0,0
13,45,1.0,-0.0,-0.0,245.0,0.0,0,0,0,0
13,46,1.0,-0.0,-0.0,246.0,0.0,0,0,0,0
13,47,1.0,-0.0,-0.0,247.0,0.0,55.00,0,55.00,0
13,48,1.0,-0.0,-0.0,248.0,0.0,55.00,0,55.00,0
14,1,1.0,0.0,0.0,201.0,0.0,40.00,0,40.00,0
14,2,1.0,-0.0,-0.0,202.0,0.0,40.00,0,40.00,0
14,3,1.0,-0.0,-0.0,203.0,0.0,40.00,0,40.00,0
14,4,1.0,-0.0,-0.0,204.0,0.0,40.00,0,40.00,0
14,5,1.0,-0.0,-0.0,205.0,0.0,40.00,0,40.00,0
14,6,1.0,-0.0,-0.0,206.0,0.0,40.00,0,40.00,0
14,7,1.0,-0.0,-0.0,207.0,0.0,40.00,0,40.00,0
14,8,1.0,-0.0,-0.0,208.0,0.0,40.00,0,40.00,0
14,9,1.0,-0.0,-0.0,209.0,0.0,40.00,0,40.00,0
14,10,1.0,-0.0,-0.0,210.0,0.0,40.00,0,40.00,0
14,11,1.0,-0.0,-0.0,211.0,0.0,40.00,0,40.00,0
14,12,1.0,-0.0,-0.0,212.0,0.0,40.00,0,40.00,0
14,13,1.0,-0.0,-0.0,213.0,0.0,8.97,0,8.97,0
14,14,1.0,-0.0,-0.0,214.0,0.0,0,0,0,0
14,15,1.0,-0.0,-0.0,215.0,0.0,0,0,0,0
14,16,1.0,-0.0,-0.0,216.0,0.0,0,0,0,0
14,17,1.0,-0.0,-0.0,217.0,0.0,0,0,0,0
14,18,1.0,-0.0,-0.0,218.0,0.0,0,0,0,0
14,19,1.0,-0.0,-0.0,219.0,0.0,0,0,0,0
14,20,1.0,-0.0,-0.0,220.0,0.0,0,0,0,0
14,21,1.0,-0.0,-0.0,221.0,0.0,0,0,0,0
14,22,1.0,-0.0,-0.0,222.0,0.0,0,0,0,0
14,23,1.0,-0.0,-0.0,223.0,0.0,40.00,0,40.00,0
14,24,1.0,-0.0,-0.0,224.0,0.0,40.00,0,40.00,0
14,25,1.0,-0.0,-0.0,225.0,0.0,40.00,0,40.00,0
14,26,1.0,-0.0,-0.0,226.0,0.0,40.00,0,40.00,0
14,27,1.0,-0.0,-0.0,227.0,0.0,40.00,0,40.00,0
14,28,1.0,-0.0,-0.0,228.0,0.0,40.00,0,40.00,0
14,29,1.0,-0.0,-0.0,229.0,0.0,40.00,0,40.00,0
14,30,1.0,-0.0,-0.0,230.0,0.0,40.00,0,40.00,0
14,31,1.0,-0.0,-0.0,231.0,0.0,40.00,0,40.00,0
14,32,1.0,-0.0,-0.0,232.0,0.0,40.00,0,40.00,0
14,33,1.0,-0.0,-0.0,233.0,0.0,40.00,0,40.00,0
14,34,1.0,-0.0,-0.0,234.0,0.0,40.00,0,40.00,0
14,35,1.0,-0.0,-0.0,235.0,0.0,40.00,0,40.00,0
14,36,1.0,-0.0,-0.0,236.0,0.0,40.00,0,40.00,0
14,37,1.0,-0.0,-0.0,237.0,0.0,40.00,0,40.00,0
14,38,1.0,-0.0,-0.0,238.0,0.0,0,0,0,0
14,39,1.0,-0.0,-0.0,239.0,0.0,0,0,0,0
14,40,1.0,-0.0,-0.0,240.0,0.0,0,0,0,0
14,41,1.0,-0.0,-0.0,241.0,0.0,0,0,0,0
14,42,1.0,-0.0,-0.0,242.0,0.0,0,0,0,0
14,43,1.0,-0.0,-0.0,243.0,0.0,0,0,0,0
14,44,1.0,-0.0,-0.0,244.0,0.0,0,0,0,0
14,45,1.0,-0.0,-0.0,245.0,0.0,0,0,0,0
14,46,1.0,-0.0,-0.0,246.0,0.0,0,0,0,0
14,47,1.0,-0.0,-0.0,247.0,0.0,40.00,0,40.00,0
14,48,1.0,-0.0,0.0,248.0,0.0,40.00,0,40.00,0
15,1,1.0,0.0,0.0,201.0,0.0,26.90,0,26.90,0
15,2,1.0,-0.0,-0.0,202.0,0.0,26.90,0,26.90,0
15,3,1.0,-0.0,-0.0,203.0,0.0,26.90,0,26.90,0
15,4,1.0,-0.0,-0.0,204.0,0.0,26.90,0,26.90,0
15,5,1.0,-0.0,-0.0,205.0,0.0,26.90,0,26.90,0
15,6,1.0,-0.0,-0.0,206.0,0.0,26.90,0,26.90,0
15,7,1.0,-0.0,-0.0,207.0,0.0,26.90,0,26.90,0
15,8,1.0,-0.0,-0.0,208.0,0.0,26.90,0,26.90,0
15,9,1.0,-0.0,-0.0,209.0,0.0,26.90,0,26.90,0
15,10,1.0,-0.0,-0.0,210.0,0.0,26.90,0,26.90,0
15,11,1.0,-0.0,-0.0,211.0,0.0,26.90,0,26.90,0
15,12,1.0,-0.0,-0.0,212.0,0.0,26.90,0,26.90,0
15,13,1.0,-0.0,-0.0,213.0,0.0,0,0,0,0
15,14,1.0,-0.0,-0.0,214.0,0.0,0,0,0,0
15,15,1.0,-0.0,-0.0,215.0,0.0,0,0,0,0
15,16,1.0,-0.0,-0.0,216.0,0.0,0,0,0,0
15,17,1.0,-0.0,-0.0,217.0,0.0,0,0,0,0
15,18,1.0,-0.0,-0.0,218.0,0.0,0,0,0,0
15,19,1.0,-0.0,-0.0,219.0,0.0,0,0,0,0
15,20,1.0,-0.0,-0.0,220.0,0.0,0,0,0,0
15,21,1.0,-0.0,-0.0,221.0,0.0,0,0,0,0
15,22,1.0,-0.0,-0.0,222.0,0.0,0,0,0,0
15,23,1.0,-0.0,-0.0,223.0,0.0,26.90,0,26.90,0
15,24,1.0,-0.0,-0.0,224.0,0.0,26.90,0,26.90,0
15,25,1.0,-0.0,0.0,225.0,0.0,26.90,0,26.90,0
15,26,1.0,-0.0,-0.0,226.0,0.0,26.90,0,26.90,0
15,27,1.0,-0.0,-0.0,227.0,0.0,26.90,0,26.90,0
15,28,1.0,-0.0,-0.0,228.0,0.0,26.90,0,26.90,0
15,29,1.0,-0.0,-0.0,229.0,0.0,26.90,0,26.90,0
15,30,1.0,-0.0,-0.0,230.0,0.0,26.90,0,26.90,0
15,31,1.0,-0.0,-0.0,231.0,0.0,26.90,0,26.90,0
15,32,1.0,-0.0,-0.0,232.0,0.0,26.90,0,26.90,0
15,33,1.0,-0.0,-0.0,233.0,0.0,26.90,0,26.90,0
15,34,1.0,-0.0,0.0,234.0,0.0,26.90,0,26.90,0
15,35,1.0,-0.0,-0.0,235.0,0.0,26.90,0,26.90,0
15,36,1.0,-0.0,-0.0,236.0,0.0,26.90,0,26.90,0
15,37,1.0,-0.0,-0.0,237.0,0.0,0,0,0,0
15,38,1.0,-0.0,-0.0,238.0,0.0,0,0,0,0
15,39,1.0,-0.0,-0.0,239.0,0.0,0,0,0,0
15,40,1.0,-0.0,-0.0,240.0,0.0,0,0,0,0
15,41,1.0,-0.0,-0.0,241.0,0.0,0,0,0,0
15,42,1.0,-0.0,-0.0,242.0,0.0,0,0,0,0
15,43,1.0,-0.0,-0.0,243.0,0.0,0,0,0,0
15,44,1.0,-0.0,-0.0,244.0,0.0,0,0,0,0
15,45,1.0,-0.0,-0.0,245.0,0.0,0,0,0,0
15,46,1.0,-0.0,-0.0,246.0,0.0,0,0,0,0
15,47,1.0,-0.0,-0.0,247.0,0.0,26.90,0,26.90,0
15,48,1.0,-0.0,-0.0,248.0,0.0,26.90,0,26.90,0
16,1,1.0,0.0,0.0,201.0,0.0,22.50,0,22.50,0
16,2,1.0,-0.0,-0.0,202.0,0.0,22.50,0,22.50,0
16,3,1.0,-0.0,-0.0,203.0,0.0,22.50,0,22.50,0
16,4,1.0,-0.0,-0.0,204.0,0.0,22.50,0,22.50,0
16,5,1.0,-0.0,-0.0,205.0,0.0,22.50,0,22.50,0
16,6,1.0,-0.0,-0.0,206.0,0.0,22.50,0,22.50,0
16,7,1.0,-0.0,-0.0,207.0,0.0,22.50,0,22.50,0
16,8,1.0,-0.0,-0.0,208.0,0.0,22.50,0,22.50,0
16,9,1.0,-0.0,-0.0,209.0,0.0,22.50,0,22.50,0
16,10,1.0,-0.0,-0.0,210.0,0.0,22.50,0,22.50,0
16,11,1.0,-0.0,-0.0,211.0,0.0,22.50,0,22.50,0
16,12,1.0,-0.0,-0.0,212.0,0.0,22.50,0,22.50,0
16,13,1.0,-0.0,-0.0,213.0,0.0,0,0,0,0
16,14,1.0,-0.0,-0.0,214.0,0.0,0,0,0,0
16,15,1.0,-0.0,-0.0,215.0,0.0,0,0,0,0
16,16,1.0,-0.0,-0.0,216.0,0.0,0,0,0,0
16,17,1.0,-0.0,-0.0,217.0,0.0,0,0,0,0
16,18,1.0,-0.0,-0.0,218.0,0.0,0,0,0,0
16,19,1.0,-0.0,-0.0,219.0,0.0,0,0,0,0
16,20,1.0,-0.0,-0.0,220.0,0.0,0,0,0,0
16,21,1.0,-0.0,-0.0,221.0,0.0,0,0,0,0
16,22,1.0,-0.0,-0.0,222.0,0.0,0,0,0,0
16,23,1.0,-0.0,-0.0,223.0,0.0,22.50,0,22.50,0
16,24,1.0,-0.0,-0.0,224.0,0.0,22.50,0,22.50,0
16,25,1.0,-0.0,0.0,225.0,0.0,22.50,0,22.50,0
16,26,1.0,-0.0,-0.0,226.0,0.0,22.50,0,22.50,0
16,27,1.0,-0.0,-0.0,227.0,0.0,22.50,0,22.50,0
16,28,1.0,-0.0,-0.0,228.0,0.0,22.50,0,22.50,0
16,29,1.0,-0.0,-0.0,229.0,0.0,22.50,0,22.50,0
16,30,1.0,-0.0,-0.0,230.0,0.0,22.50,0,22.50,0
16,31,1.0,-0.0,-0.0,231.0,0.0,22.50,0,22.50,0
16,32,1.0,-0.0,-0.0,232.0,0.0,22.50,0,22.50,0
16,33,1.0,-0.0,-0.0,233.0,0.0,22.50,0,22.50,0
16,34,1.0,-0.0,0.0,234.0,0.0,22.50,0,22.50,0
16,35,1.0,-0.0,-0.0,235.0,0.0,22.50,0,22.50,0
16,36,1.0,-0.0,-0.0,236.0,0.0,22.50,0,22.50,0
16,37,1.0,-0.0,-0.0,237.0,0.0,0,0,0,0
16,38,1.0,-0.0,-0.0,238.0,0.0,0,0,0,0
16,39,1.0,-0.0,-0.0,239.0,0.0,0,0,0,0
16,40,1.0,-0.0,-0.0,240.0,0.0,0,0,0,0
16,41,1.0,-0.0,-0.0,241.0,0.0,0,0,0,0
16,42,1.0,-0.0,-0.0,242.0,0.0,0,0,0,0
16,43,1.0,-0.0,-0.0,243.0,0.0,0,0,0,0
16,44,1.0,-0.0,-0.0,244.0,0.0,0,0,0,0
16,45,1.0,-0.0,-0.0,245.0,0.0,0,0,0,0
16,46,1.0,-0.0,-0.0,246.0,0.0,0,0,0,0
16,47,1.0,-0.0,-0.0,247.0,0.0,22.50,0,22.50,0
16,48,1.0,-0.0,-0.0,248.0,0.0,22.50,0,22.50,0
17,1,1.0,0.0,0.0,201.0,0.0,130.00,0,130.00,0
17,2,1.0,-0.0,-0.0,202.0,0.0,130.00,0,130.00,0
17,3,1.0,-0.0,-0.0,203.0,0.0,130.00,0,130.00,0
17,4,1.0,-0.0,-0.0,204.0,0.0,130.00,0,130.00,0
17,5,1.0,-0.0,-0.0,205.0,0.0,130.00,0,130.00,0
17,6,1.0,-0.0,-0.0,206.0,0.0,130.00,0,130.00,0
17,7,1.0,-0.0,-0.0,207.0,0.0,130.00,0,130.00,0
17,8,1.0,-0.0,-0.0,208.0,0.0,130.00,0,130.00,0
17,9,1.0,-0.0,-0.0,209.0,0.0,130.00,0,130.00,0
17,10,1.0,-0.0,-0.0,210.0,0.0,130.00,0,130.00,0
17,11,1.0,-0.0,-0.0,211.0,0.0,130.00,0,130.00,0
17,12,1.0,-0.0,-0.0,212.0,0.0,130.00,0,130.00,0
17,13,1.0,-0.0,-0.0,213.0,0.0,130.00,0,130.00,0
17,14,1.0,-0.0,-0.0,214.0,0.0,130.00,0,130.00,0
17,15,1.0,-0.0,-0.0,215.0,0.0,130.00,0,130.00,0
17,16,1.0,-0.0,-0.0,216.0,0.0,130.00,0,130.00,0
17,17,1.0,-0.0,-0.0,217.0,0.0,130.00,0,130.00,0
17,18,1.0,-0.0,-0.0,218.0,0.0,130.00,0,130.00,0
17,19,1.0,-0.0,-0.0,219.0,0.0,130.00,0,130.00,0
17,20,1.0,-0.0,-0.0,220.0,0.0,130.00,0,130.00,0
17,21,1.0,-0.0,-0.0,221.0,0.0,130.00,0,130.00,0
17,22,1.0,-0.0,-0.0,222.0,0.0,130.00,0,130.00,0
17,23,1.0,-0.0,-0.0,223.0,0.0,130.00,0,130.00,0
17,24,1.0,-0.0,0.0,224.0,0.0,130.00,0,130.00,0
17,25,1.0,-0.0,-0.0,225.0,0.0,130.00,0,130.00,0
17,26,1.0,-0.0,-0.0,226.0,0.0,130.00,0,130.00,0
17,27,1.0,-0.0,-0.0,227.0,0.0,130.00,0,130.00,0
17,28,1.0,-0.0,-0.0,228.0,0.0,130.00,0,130.00,0
17,29,1.0,-0.0,-0.0,229.0,0.0,130.00,0,130.00,0
17,30,1.0,-0.0,-0.0,230.0,0.0,130.00,0,130.00,0
17,31,1.0,-0.0,-0.0,231.0,0.0,130.00,0,130.00,0
17,32,1.0,-0.0,-0.0,232.0,0.0,130.00,0,130.00,0
17,33,1.0,-0.0,-0.0,233.0,0.0,130.00,0,130.00,0
17,34,1.0,-0.0,-0.0,234.0,0.0,130.00,0,130.00,0
17,35,1.0,-0.0,-0.0,235.0,0.0,130.00,0,130.00,0
17,36,1.0,-0.0,-0.0,236.0,0.0,130.00,0,130.00,0
17,37,1.0,-0.0,-0.0,237.0,0.0,130.00,0,130.00,0
17,38,1.0,-0.0,-0.0,238.0,0.0,130.00,0,130.00,0
17,39,1.0,-0.0,-0.0,239.0,0.0,130.00,0,130.00,0
17,40,1.0,-0.0,-0.0,240.0,0.0,130.00,0,130.00,0
17,41,1.0,-0.0,-0.0,241.0,0.0,130.00,0,130.00,0
17,42,1.0,-0.0,-0.0,242.0,0.0,130.00,0,130.00,0
17,43,1.0,-0.0,-0.0,243.0,0.0,130.00,0,130.00,0
17,44,1.0,-0.0,-0.0,244.0,0.0,130.00,0,130.00,0
17,45,1.0,-0.0,-0.0,245.0,0.0,130.00,0,130.00,0
17,46,1.0,-0.0,-0.0,246.0,0.0,130.00,0,130.00,0
17,47,1.0,-0.0,-0.0,247.0,0.0,130.00,0,130.00,0
17,48,1.0,-0.0,0.0,248.0,0.0,130.00,0,130.00,0
1574,1,1.0,0.0,0.0,201.0,0.0,38.55,0,38.55,0
1574,2,1.0,-0.0,-0.0,202.0,0.0,38.55,0,38.55,0
1574,3,1.0,-0.0,-0.0,203.0,0.0,38.55,0,38.55,0
1574,4,1.0,-0.0,-0.0,204.0,0.0,38.55,0,38.55,0
1574,5,1.0,-0.0,-0.0,205.0,0.0,38.55,0,38.55,0
1574,6,1.0,-0.0,-0.0,206.0,0.0,38.55,0,38.55,0
1574,7,1.0,-0.0,-0.0,207.0,0.0,38.55,0,38.55,0
1574,8,1.0,-0.0,-0.0,208.0,0.0,38.55,0,38.55,0
1574,9,1.0,-0.0,-0.0,209.0,0.0,38.55,0,38.55,0
1574,10,1.0,-0.0,-0.0,210.0,0.0,80.00,0,80.00,0
1574,11,1.0,-0.0,-0.0,211.0,0.0,80.00,0,80.00,0
1574,12,1.0,-0.0,-0.0,212.0,0.0,34.40,0,34.40,0
1574,13,1.0,-0.0,-0.0,213.0,0.0,0,0,0,0
1574,14,1.0,-0.0,-0.0,214.0,0.0,0,0,0,0
1574,15,1.0,-0.0,-0.0,215.0,0.0,0,0,0,0
1574,16,1.0,-0.0,-0.0,216.0,0.0,0,0,0,0
1574,17,1.0,-0.0,-0.0,217.0,0.0,0,0,0,0
1574,18,1.0,-0.0,-0.0,218.0,0.0,0,0,0,0
1574,19,1.0,-0.0,-0.0,219.0,0.0,0,0,0,0
1574,20,1.0,-0.0,-0.0,220.0,0.0,0,0,0,0
1574,21,1.0,-0.0,-0.0,221.0,0.0,0,0,0,0
1574,22,1.0,-0.0,-0.0,222.0,0.0,0,0,0,0
1574,23,1.0,-0.0,-0.0,223.0,0.0,66.22,0,66.22,0
1574,24,1.0,-0.0,-0.0,224.0,0.0,80.00,0,80.00,0
1574,25,1.0,-0.0,0.0,225.0,0.0,80.00,0,80.00,0
1574,26,1.0,-0.0,-0.0,226.0,0.0,80.00,0,80.00,0
1574,27,1.0,-0.0,-0.0,227.0,0.0,80.00,0,80.00,0
1574,28,1.0,-0.0,-0.0,228.0,0.0,80.00,0,80.00,0
1574,29,1.0,-0.0,-0.0,229.0,0.0,80.00,0,80.00,0
1574,30,1.0,-0.0,-0.0,230.0,0.0,38.55,0,38.55,0
1574,31,1.0,-0.0,-0.0,231.0,0.0,80.00,0,80.00,0
1574,32,1.0,-0.0,-0.0,232.0,0.0,80.00,0,80.00,0
1574,33,1.0,-0.0,-0.0,233.0,0.0,80.00,0,80.00,0
1574,34,1.0,-0.0,0.0,234.0,0.0,80.00,0,80.00,0
1574,35,1.0,-0.0,-0.0,235.0,0.0,80.00,0,80.00,0
1574,36,1.0,-0.0,-0.0,236.0,0.0,80.00,0,80.00,0
1574,37,1.0,-0.0,-0.0,237.0,0.0,0,0,0,0
1574,38,1.0,-0.0,-0.0,238.0,0.0,0,0,0,0
1574,39,1.0,-0.0,-0.0,239.0,0.0,0,0,0,0
1574,40,1.0,-0.0,-0.0,240.0,0.0,0,0,0,0
1574,41,1.0,-0.0,-0.0,241.0,0.0,0,0,0,0
1574,42,1.0,-0.0,-0.0,242.0,0.0,0,0,0,0
1574,43,1.0,-0.0,-0.0,243.0,0.0,0,0,0,0
1574,44,1.0,-0.0,-0.0,244.0,0.0,0,0,0,0
1574,45,1.0,-0.0,-0.0,245.0,0.0,0,0,0,0
1574,46,1.0,-0.0,-0.0,246.0,0.0,0,0,0,0
1574,47,1.0,-0.0,-0.0,247.0,0.0,80.00,0,80.00,0
1574,48,1.0,-0.0,-0.0,248.0,0.0,80.00,0,80.00,0
1575,1,1.0,0.0,0.0,201.0,0.0,80.00,0,80.00,0
1575,2,1.0,-0.0,-0.0,202.0,0.0,80.00,0,80.00,0
1575,3,1.0,-0.0,-0.0,203.0,0.0,80.00,0,80.00,0
1575,4,1.0,-0.0,-0.0,204.0,0.0,80.00,0,80.00,0
1575,5,1.0,-0.0,-0.0,205.0,0.0,80.00,0,80.00,0
1575,6,1.0,-0.0,-0.0,206.0,0.0,80.00,0,80.00,0
1575,7,1.0,-0.0,-0.0,207.0,0.0,80.00,0,80.00,0
1575,8,1.0,-0.0,-0.0,208.0,0.0,80.00,0,80.00,0
1575,9,1.0,-0.0,-0.0,209.0,0.0,80.00,0,80.00,0
1575,10,1.0,-0.0,-0.0,210.0,0.0,38.55,0,38.55,0
1575,11,1.0,-0.0,-0.0,211.0,0.0,38.55,0,38.55,0
1575,12,1.0,-0.0,-0.0,212.0,0.0,80.00,0,80.00,0
1575,13,1.0,-0.0,-0.0,213.0,0.0,0,0,0,0
1575,14,1.0,-0.0,-0.0,214.0,0.0,0,0,0,0
1575,15,1.0,-0.0,-0.0,215.0,0.0,0,0,0,0
1575,16,1.0,-0.0,-0.0,216.0,0.0,0,0,0,0
1575,17,1.0,-0.0,-0.0,217.0,0.0,0,0,0,0
1575,18,1.0,-0.0,-0.0,218.0,0.0,0,0,0,0
1575,19,1.0,-0.0,-0.0,219.0,0.0,0,0,0,0
1575,20,1.0,-0.0,-0.0,220.0,0.0,0,0,0,0
1575,21,1.0,-0.0,-0.0,221.0,0.0,0,0,0,0
1575,22,1.0,-0.0,-0.0,222.0,0.0,0,0,0,0
1575,23,1.0,-0.0,-0.0,223.0,0.0,0,0,0,0
1575,24,1.0,-0.0,-0.0,224.0,0.0,38.55,0,38.55,0
1575,25,1.0,-0.0,0.0,225.0,0.0,80.00,0,80.00,0
1575,26,1.0,-0.0,-0.0,226.0,0.0,80.00,0,80.00,0
1575,27,1.0,-0.0,-0.0,227.0,0.0,80.00,0,80.00,0
1575,28,1.0,-0.0,-0.0,228.0,0.0,80.00,0,80.00,0
1575,29,1.0,-0.0,-0.0,229.0,0.0,80.00,0,80.00,0
1575,30,1.0,-0.0,-0.0,230.0,0.0,80.00,0,80.00,0
1575,31,1.0,-0.0,-0.0,231.0,0.0,42.55,0,42.55,0
1575,32,1.0,-0.0,-0.0,232.0,0.0,38.55,0,38.55,0
1575,33,1.0,-0.0,-0.0,233.0,0.0,38.55,0,38.55,0
1575,34,1.0,-0.0,0.0,234.0,0.0,80.00,0,80.00,0
1575,35,1.0,-0.0,-0.0,235.0,0.0,80.00,0,80.00,0
1575,36,1.0,-0.0,-0.0,236.0,0.0,38.55,0,38.55,0
1575,37,1.0,-0.0,-0.0,237.0,0.0,0,0,0,0
1575,38,1.0,-0.0,-0.0,238.0,0.0,0,0,0,0
1575,39,1.0,-0.0,-0.0,239.0,0.0,0,0,0,0
1575,40,1.0,-0.0,-0.0,240.0,0.0,0,0,0,0
1575,41,1.0,-0.0,-0.0,241.0,0.0,0,0,0,0
1575,42,1.0,-0.0,-0.0,242.0,0.0,0,0,0,0
1575,43,1.0,-0.0,-0.0,243.0,0.0,0,0,0,0
1575,44,1.0,-0.0,-0.0,244.0,0.0,0,0,0,0
1575,45,1.0,-0.0,-0.0,245.0,0.0,0,0,0,0
1575,46,1.0,-0.0,-0.0,246.0,0.0,0,0,0,0
1575,47,1.0,-0.0,-0.0,247.0,0.0,38.55,0,38.55,0
1575,48,1.0,-0.0,-0.0,248.0,0.0,80.00,0,80.00,0
1576,1,1.0,0.0,0.0,201.0,0.0,0,0,0,0
1576,2,1.0,-0.0,-0.0,202.0,0.0,0,0,0,0
1576,3,1.0,-0.0,-0.0,203.0,0.0,0,0,0,0
1576,4,1.0,-0.0,-0.0,204.0,0.0,0,0,0,0
1576,5,1.0,-0.0,-0.0,205.0,0.0,0,0,0,0
1576,6,1.0,-0.0,-0.0,206.0,0.0,0,0,0,0
1576,7,1.0,-0.0,-0.0,207.0,0.0,0,0,0,0
1576,8,1.0,-0.0,-0.0,208.0,0.0,0,0,0,0
1576,9,1.0,-0.0,-0.0,209.0,0.0,0,0,0,0
1576,10,1.0,-0.0,0.0,210.0,0.0,0,0,0,0
1576,11,1.0,0.0,-0.0,211.0,0.0,0,0,0,0
1576,12,1.0,-0.0,-0.0,212.0,0.0,0,0,0,0
1576,13,1.0,-0.0,0.0,213.0,0.0,38.53,0,38.53,0
1576,14,1.0,0.0,-0.0,214.0,0.0,210.00,0,210.00,0
1576,15,1.0,-0.0,-0.0,215.0,0.0,210.00,0,210.00,0
1576,16,1.0,-0.0,-0.0,216.0,0.0,210.00,0,210.00,0
1576,17,1.0,-0.0,-0.0,217.0,0.0,210.00,0,210.00,0
1576,18,1.0,-0.0,-0.0,218.0,0.0,210.00,0,210.00,0
1576,19,1.0,0.0,-0.0,219.0,0.0,0,0,0,0
1576,20,1.0,-0.0,-0.0,220.0,0.0,0,0,0,0
1576,21,1.0,-0.0,-0.0,221.0,0.0,129.00,0,129.00,0
1576,22,1.0,0.0,-0.0,222.0,0.0,0,0,0,0
1576,23,1.0,-0.0,0.0,223.0,0.0,0,0,0,0
1576,24,1.0,-0.0,-0.0,224.0,0.0,0,0,0,0
1576,25,1.0,-0.0,-0.0,225.0,0.0,0,0,0,0
1576,26,1.0,-0.0,-0.0,226.0,0.0,0,0,0,0
1576,27,1.0,-0.0,-0.0,227.0,0.0,0,0,0,0
1576,28,1.0,-0.0,-0.0,228.0,0.0,0,0,0,0
1576,29,1.0,-0.0,-0.0,229.0,0.0,0,0,0,0
1576,30,1.0,0.0,-0.0,230.0,0.0,0,0,0,0
1576,31,1.0,-0.0,-0.0,231.0,0.0,0,0,0,0
1576,32,1.0,-0.0,-0.0,232.0,0.0,0,0,0,0
1576,33,1.0,-0.0,-0.0,233.0,0.0,0,0,0,0
1576,34,1.0,0.0,-0.0,234.0,0.0,0,0,0,0
1576,35,1.0,-0.0,-0.0,235.0,0.0,0,0,0,0
1576,36,1.0,-0.0,0.0,236.0,0.0,0,0,0,0
1576,37,1.0,-0.0,0.0,237.0,0.0,0,0,0,0
1576,38,1.0,-0.0,-0.0,238.0,0.0,194.22,0,194.22,0
1576,39,1.0,-0.0,-0.0,239.0,0.0,210.00,0,210.00,0
1576,40,1.0,-0.0,-0.0,240.0,0.0,210.00,0,210.00,0
1576,41,1.0,-0.0,-0.0,241.0,0.0,210.00,0,210.00,0
1576,42,1.0,0.0,-0.0,242.0,0.0,210.00,0,210.00,0
1576,43,-0.0,-0.0,1.0,-0.0,1.0,0,0,0,0
1576,44,-0.0,-0.0,0.0,-0.0,2.0,0,0,0,0
1576,45,0.0,-0.0,-0.0,0.0,3.0,0,0,0,0
1576,46,-0.0,0.0,-0.0,0.0,4.0,0,0,0,0
1576,47,-0.0,-0.0,0.0,0.0,5.0,0,0,0,0
1576,48,0.0,-0.0,-0.0,0.0,6.0,0,0,0,0
1579,1,1.0,0.0,0.0,201.0,0.0,0,0,0,0
1579,2,1.0,-0.0,-0.0,202.0,0.0,0,0,0,0
1579,3,1.0,-0.0,-0.0,203.0,0.0,0,0,0,0
1579,4,1.0,-0.0,-0.0,204.0,0.0,0,0,0,0
1579,5,1.0,-0.0,-0.0,205.0,0.0,0,0,0,0
1579,6,1.0,-0.0,-0.0,206.0,0.0,0,0,0,0
1579,7,1.0,-0.0,-0.0,207.0,0.0,0,0,0,0
1579,8,1.0,-0.0,-0.0,208.0,0.0,0,0,0,0
1579,9,1.0,-0.0,-0.0,209.0,0.0,0,0,0,0
1579,10,1.0,0.0,-0.0,210.0,0.0,0,0,0,0
1579,11,1.0,-0.0,-0.0,211.0,0.0,0,0,0,0
1579,12,1.0,-0.0,-0.0,212.0,0.0,0,0,0,0
1579,13,1.0,-0.0,-0.0,213.0,0.0,0,0,0,0
1579,14,1.0,0.0,-0.0,214.0,0.0,99.77,0,99.77,0
1579,15,1.0,-0.0,-0.0,215.0,0.0,77.88,0,77.88,0
1579,16,1.0,-0.0,-0.0,216.0,0.0,0,0,0,0
1579,17,1.0,-0.0,-0.0,217.0,0.0,0,0,0,0
1579,18,1.0,-0.0,-0.0,218.0,0.0,0,0,0,0
1579,19,1.0,-0.0,0.0,219.0,0.0,0,0,0,0
1579,20,1.0,-0.0,-0.0,220.0,0.0,0,0,0,0
1579,21,1.0,0.0,-0.0,221.0,0.0,0,0,0,0
1579,22,1.0,-0.0,-0.0,222.0,0.0,0,0,0,0
1579,23,1.0,-0.0,-0.0,223.0,0.0,0,0,0,0
1579,24,1.0,-0.0,-0.0,224.0,0.0,0,0,0,0
1579,25,-0.0,-0.0,1.0,-0.0,1.0,0,0,0,0
1579,26,0.0,-0.0,0.0,0.0,2.0,0,0,0,0
1579,27,-0.0,-0.0,0.0,0.0,3.0,0,0,0,0
1579,28,0.0,-0.0,0.0,0.0,4.0,0,0,0,0
1579,29,0.0,-0.0,-0.0,0.0,5.0,0,0,0,0
1579,30,0.0,-0.0,0.0,0.0,6.0,0,0,0,0
1579,31,0.0,-0.0,-0.0,0.0,7.0,0,0,0,0
1579,32,0.0,-0.0,-0.0,0.0,8.0,0,0,0,0
1579,33,0.0,-0.0,-0.0,0.0,9.0,0,0,0,0
1579,34,0.0,-0.0,-0.0,0.0,10.0,0,0,0,0
1579,35,-0.0,0.0,-0.0,0.0,11.0,0,0,0,0
1579,36,1.0,1.0,-0.0,1.0,0.0,0,0,0,0
1579,37,1.0,0.0,-0.0,2.0,0.0,0,0,0,0
1579,38,1.0,-0.0,-0.0,3.0,0.0,0,0,0,0
1579,39,1.0,-0.0,0.0,4.0,0.0,0,0,0,0
1579,40,1.0,-0.0,-0.0,5.0,0.0,0,0,0,0
1579,41,1.0,-0.0,-0.0,6.0,0.0,0,0,0,0
1579,42,1.0,0.0,-0.0,7.0,0.0,227.50,0,227.50,0
1579,43,1.0,-0.0,-0.0,8.0,0.0,200.00,0,200.00,0
1579,44,1.0,-0.0,-0.0,9.0,0.0,200.00,0,200.00,0
1579,45,1.0,0.0,-0.0,10.0,0.0,200.00,0,200.00,0
1579,46,1.0,-0.0,-0.0,11.0,0.0,200.00,0,200.00,0
1579,47,1.0,-0.0,0.0,12.0,0.0,0,0,0,0
1579,48,-0.0,-0.0,1.0,-0.0,1.0,0,0,0,0
1580,1,0.0,0.0,1.0,0.0,1.0,0,0,0,0
1580,2,0.0,-0.0,-0.0,0.0,2.0,0,0,0,0
1580,3,0.0,-0.0,-0.0,0.0,3.0,0,0,0,0
1580,4,0.0,-0.0,-0.0,0.0,4.0,0,0,0,0
1580,5,0.0,-0.0,-0.0,0.0,5.0,0,0,0,0
1580,6,0.0,-0.0,-0.0,0.0,6.0,0,0,0,0
1580,7,0.0,-0.0,-0.0,0.0,7.0,0,0,0,0
1580,8,0.0,-0.0,-0.0,0.0,8.0,0,0,0,0
1580,9,-0.0,-0.0,-0.0,0.0,9.0,0,0,0,0
1580,10,-0.0,0.0,0.0,0.0,10.0,0,0,0,0
1580,11,0.0,0.0,-0.0,0.0,11.0,0,0,0,0
1580,12,1.0,1.0,-0.0,1.0,0.0,0,0,0,0
1580,13,1.0,-0.0,0.0,2.0,0.0,0,0,0,0
1580,14,1.0,0.0,-0.0,3.0,0.0,0,0,0,0
1580,15,1.0,-0.0,-0.0,4.0,0.0,0,0,0,0
1580,16,1.0,-0.0,0.0,5.0,0.0,0,0,0,0
1580,17,1.0,-0.0,-0.0,6.0,0.0,0,0,0,0
1580,18,1.0,-0.0,-0.0,7.0,0.0,0,0,0,0
1580,19,1.0,0.0,-0.0,8.0,0.0,0,0,0,0
1580,20,1.0,-0.0,-0.0,9.0,0.0,0,0,0,0
1580,21,1.0,0.0,-0.0,10.0,0.0,176.82,0,176.82,0
1580,22,1.0,-0.0,-0.0,11.0,0.0,210.00,0,210.00,0
1580,23,-0.0,-0.0,1.0,-0.0,1.0,0,0,0,0
1580,24,0.0,-0.0,-0.0,0.0,2.0,0,0,0,0
1580,25,0.0,-0.0,-0.0,0.0,3.0,0,0,0,0
1580,26,0.0,-0.0,-0.0,0.0,4.0,0,0,0,0
1580,27,0.0,-0.0,-0.0,0.0,5.0,0,0,0,0
1580,28,0.0,-0.0,-0.0,0.0,6.0,0,0,0,0
1580,29,0.0,-0.0,0.0,0.0,7.0,0,0,0,0
1580,30,0.0,-0.0,-0.0,0.0,8.0,0,0,0,0
1580,31,0.0,-0.0,0.0,0.0,9.0,0,0,0,0
1580,32,0.0,-0.0,-0.0,0.0,10.0,0,0,0,0
1580,33,0.0,-0.0,-0.0,0.0,11.0,0,0,0,0
1580,34,0.0,-0.0,-0.0,0.0,12.0,0,0,0,0
1580,35,0.0,-0.0,-0.0,0.0,13.0,0,0,0,0
1580,36,0.0,-0.0,-0.0,0.0,14.0,0,0,0,0
1580,37,-0.0,-0.0,-0.0,0.0,15.0,0,0,0,0
1580,38,1.0,1.0,-0.0,1.0,0.0,0,0,0,0
1580,39,1.0,-0.0,-0.0,2.0,0.0,0,0,0,0
1580,40,1.0,-0.0,-0.0,3.0,0.0,0,0,0,0
1580,41,1.0,-0.0,-0.0,4.0,0.0,0,0,0,0
1580,42,1.0,0.0,-0.0,5.0,0.0,0,0,0,0
1580,43,1.0,-0.0,0.0,6.0,0.0,0,0,0,0
1580,44,1.0,-0.0,0.0,7.0,0.0,0,0,0,0
1580,45,1.0,-0.0,-0.0,8.0,0.0,0,0,0,0
1580,46,1.0,0.0,-0.0,9.0,0.0,0,0,0,0
1580,47,1.0,-0.0,-0.0,10.0,0.0,0,0,0,0
1580,48,1.0,-0.0,0.0,11.0,0.0,0,0,0,0
1582,1,0.0,0.0,1.0,0.0,1.0,0,0,0,0
1582,2,0.0,-0.0,-0.0,0.0,2.0,0,0,0,0
1582,3,0.0,-0.0,-0.0,0.0,3.0,0,0,0,0
1582,4,0.0,-0.0,-0.0,0.0,4.0,0,0,0,0
1582,5,0.0,-0.0,-0.0,0.0,5.0,0,0,0,0
1582,6,0.0,-0.0,-0.0,0.0,6.0,0,0,0,0
1582,7,0.0,-0.0,-0.0,0.0,7.0,0,0,0,0
1582,8,0.0,-0.0,-0.0,0.0,8.0,0,0,0,0
1582,9,-0.0,-0.0,-0.0,0.0,9.0,0,0,0,0
1582,10,0.0,0.0,-0.0,0.0,10.0,0,0,0,0
1582,11,0.0,0.0,-0.0,0.0,11.0,0,0,0,0
1582,12,0.0,0.0,-0.0,0.0,12.0,0,0,0,0
1582,13,0.0,0.0,-0.0,0.0,13.0,0,0,0,0
1582,14,-0.0,-0.0,-0.0,0.0,14.0,0,0,0,0
1582,15,0.0,-0.0,0.0,0.0,15.0,0,0,0,0
1582,16,0.0,-0.0,0.0,0.0,16.0,0,0,0,0
1582,17,0.0,-0.0,-0.0,0.0,17.0,0,0,0,0
1582,18,0.0,-0.0,-0.0,0.0,18.0,0,0,0,0
1582,19,0.0,-0.0,-0.0,0.0,19.0,0,0,0,0
1582,20,0.0,-0.0,0.0,0.0,20.0,0,0,0,0
1582,21,0.0,-0.0,-0.0,0.0,21.0,0,0,0,0
1582,22,0.0,-0.0,-0.0,0.0,22.0,0,0,0,0
1582,23,0.0,-0.0,-0.0,0.0,23.0,0,0,0,0
1582,24,0.0,-0.0,0.0,0.0,24.0,0,0,0,0
1582,25,0.0,-0.0,0.0,0.0,25.0,0,0,0,0
1582,26,-0.0,-0.0,0.0,0.0,26.0,0,0,0,0
1582,27,0.0,-0.0,-0.0,0.0,27.0,0,0,0,0
1582,28,-0.0,-0.0,0.0,0.0,28.0,0,0,0,0
1582,29,0.0,-0.0,0.0,0.0,29.0,0,0,0,0
1582,30,-0.0,-0.0,0.0,0.0,30.0,0,0,0,0
1582,31,-0.0,-0.0,-0.0,0.0,31.0,0,0,0,0
1582,32,-0.0,-0.0,-0.0,0.0,32.0,0,0,0,0
1582,33,-0.0,-0.0,-0.0,0.0,33.0,0,0,0,0
1582,34,0.0,-0.0,-0.0,0.0,34.0,0,0,0,0
1582,35,0.0,-0.0,-0.0,0.0,35.0,0,0,0,0
1582,36,0.0,-0.0,-0.0,0.0,36.0,0,0,0,0
1582,37,0.0,-0.0,-0.0,0.0,37.0,0,0,0,0
1582,38,-0.0,0.0,-0.0,0.0,38.0,0,0,0,0
1582,39,0.0,-0.0,-0.0,0.0,39.0,0,0,0,0
1582,40,0.0,-0.0,-0.0,0.0,40.0,0,0,0,0
1582,41,0.0,-0.0,-0.0,0.0,41.0,0,0,0,0
1582,42,1.0,1.0,-0.0,1.0,0.0,80.00,0,80.00,0
1582,43,1.0,0.0,-0.0,2.0,0.0,0,0,0,0
1582,44,1.0,0.0,-0.0,3.0,0.0,0,0,0,0
1582,45,1.0,-0.0,0.0,4.0,0.0,0,0,0,0
1582,46,1.0,-0.0,-0.0,5.0,0.0,0,0,0,0
1582,47,1.0,-0.0,0.0,6.0,0.0,0,0,0,0
1582,48,1.0,-0.0,0.0,7.0,0.0,0,0,0,0
1583,1,0.0,0.0,1.0,0.0,1.0,0,0,0,0
1583,2,0.0,-0.0,-0.0,0.0,2.0,0,0,0,0
1583,3,0.0,-0.0,-0.0,0.0,3.0,0,0,0,0
1583,4,0.0,-0.0,-0.0,0.0,4.0,0,0,0,0
1583,5,0.0,-0.0,-0.0,0.0,5.0,0,0,0,0
1583,6,0.0,-0.0,-0.0,0.0,6.0,0,0,0,0
1583,7,0.0,-0.0,-0.0,0.0,7.0,0,0,0,0
1583,8,0.0,-0.0,-0.0,0.0,8.0,0,0,0,0
1583,9,-0.0,-0.0,-0.0,0.0,9.0,0,0,0,0
1583,10,0.0,0.0,-0.0,0.0,10.0,0,0,0,0
1583,11,0.0,-0.0,-0.0,0.0,11.0,0,0,0,0
1583,12,0.0,-0.0,-0.0,0.0,12.0,0,0,0,0
1583,13,0.0,-0.0,-0.0,0.0,13.0,0,0,0,0
1583,14,-0.0,-0.0,-0.0,0.0,14.0,0,0,0,0
1583,15,0.0,-0.0,0.0,0.0,15.0,0,0,0,0
1583,16,0.0,-0.0,-0.0,0.0,16.0,0,0,0,0
1583,17,0.0,-0.0,-0.0,0.0,17.0,0,0,0,0
1583,18,0.0,-0.0,-0.0,0.0,18.0,0,0,0,0
1583,19,0.0,-0.0,-0.0,0.0,19.0,0,0,0,0
1583,20,0.0,-0.0,-0.0,0.0,20.0,0,0,0,0
1583,21,0.0,-0.0,-0.0,0.0,21.0,0,0,0,0
1583,22,0.0,-0.0,-0.0,0.0,22.0,0,0,0,0
1583,23,0.0,-0.0,0.0,0.0,23.0,0,0,0,0
1583,24,0.0,-0.0,-0.0,0.0,24.0,0,0,0,0
1583,25,0.0,-0.0,0.0,0.0,25.0,0,0,0,0
1583,26,0.0,-0.0,-0.0,0.0,26.0,0,0,0,0
1583,27,0.0,-0.0,-0.0,0.0,27.0,0,0,0,0
1583,28,0.0,-0.0,0.0,0.0,28.0,0,0,0,0
1583,29,0.0,-0.0,-0.0,0.0,29.0,0,0,0,0
1583,30,0.0,-0.0,0.0,0.0,30.0,0,0,0,0
1583,31,0.0,-0.0,0.0,0.0,31.0,0,0,0,0
1583,32,0.0,-0.0,0.0,0.0,32.0,0,0,0,0
1583,33,0.0,-0.0,-0.0,0.0,33.0,0,0,0,0
1583,34,0.0,-0.0,-0.0,0.0,34.0,0,0,0,0
1583,35,0.0,-0.0,-0.0,0.0,35.0,0,0,0,0
1583,36,0.0,-0.0,-0.0,0.0,36.0,0,0,0,0
1583,37,0.0,-0.0,-0.0,0.0,37.0,0,0,0,0
1583,38,0.0,-0.0,-0.0,0.0,38.0,0,0,0,0
1583,39,0.0,-0.0,-0.0,0.0,39.0,0,0,0,0
1583,40,0.0,-0.0,-0.0,0.0,40.0,0,0,0,0
1583,41,0.0,0.0,-0.0,0.0,41.0,0,0,0,0
1583,42,-0.0,-0.0,-0.0,0.0,42.0,0,0,0,0
1583,43,0.0,-0.0,-0.0,0.0,43.0,0,0,0,0
1583,44,0.0,-0.0,-0.0,0.0,44.0,0,0,0,0
1583,45,0.0,-0.0,-0.0,0.0,45.0,0,0,0,0
1583,46,0.0,-0.0,-0.0,0.0,46.0,0,0,0,0
1583,47,0.0,-0.0,0.0,0.0,47.0,0,0,0,0
1583,48,0.0,-0.0,0.0,0.0,48.0,0,0,0,0
1586,1,1.0,0.0,0.0,5.0,0.0,0,0,0,0
1586,2,1.0,0.0,0.0,6.0,0.0,0,0,0,0
1586,3,1.0,0.0,0.0,7.0,0.0,0,0,0,0
1586,4,1.0,0.0,0.0,8.0,0.0,0,0,0,0
1586,5,1.0,0.0,0.0,9.0,0.0,0,0,0,0
1586,6,1.0,0.0,0.0,10.0,0.0,0,0,0,0
1586,7,1.0,0.0,0.0,11.0,0.0,0,0,0,0
1586,8,1.0,0.0,0.0,12.0,0.0,0,0,0,0
1586,9,1.0,0.0,0.0,13.0,0.0,0,0,0,0
1586,10,1.0,0.0,0.0,14.0,0.0,0,0,0,0
1586,11,1.0,0.0,0.0,15.0,0.0,0,0,0,0
1586,12,1.0,0.0,0.0,16.0,0.0,0,0,0,0
1586,13,1.0,0.0,0.0,17.0,0.0,0,0,0,0
1586,14,1.0,0.0,0.0,18.0,0.0,69.87,0,69.87,0
1586,15,1.0,0.0,0.0,19.0,0.0,157.86,0,157.86,0
1586,16,1.0,0.0,0.0,20.0,0.0,184.10,0,184.10,0
1586,17,1.0,0.0,0.0,21.0,0.0,0,0,0,0
1586,18,1.0,-0.0,-0.0,22.0,0.0,146.77,0,146.77,0
1586,19,1.0,-0.0,-0.0,23.0,0.0,306.93,0,306.93,0
1586,20,1.0,-0.0,-0.0,24.0,0.0,299.36,0,299.36,0
1586,21,1.0,-0.0,-0.0,25.0,0.0,0,0,0,0
1586,22,1.0,-0.0,-0.0,26.0,0.0,0,0,0,0
1586,23,1.0,-0.0,-0.0,27.0,0.0,0,0,0,0
1586,24,1.0,-0.0,-0.0,28.0,0.0,0,0,0,0
1586,25,1.0,-0.0,-0.0,29.0,0.0,0,0,0,0
1586,26,1.0,-0.0,-0.0,30.0,0.0,0,0,0,0
1586,27,1.0,-0.0,-0.0,31.0,0.0,0,0,0,0
1586,28,1.0,-0.0,-0.0,32.0,0.0,0,0,0,0
1586,29,1.0,-0.0,-0.0,33.0,0.0,0,0,0,0
1586,30,1.0,-0.0,-0.0,34.0,0.0,0,0,0,0
1586,31,1.0,-0.0,0.0,35.0,0.0,0,0,0,0
1586,32,1.0,0.0,-0.0,36.0,0.0,0,0,0,0
1586,33,1.0,0.0,-0.0,37.0,0.0,0,0,0,0
1586,34,1.0,-0.0,-0.0,38.0,0.0,0,0,0,0
1586,35,1.0,0.0,-0.0,39.0,0.0,0,0,0,0
1586,36,1.0,0.0,-0.0,40.0,0.0,0,0,0,0
1586,37,1.0,0.0,-0.0,41.0,0.0,0,0,0,0
1586,38,1.0,0.0,0.0,42.0,0.0,0,0,0,0
1586,39,1.0,-0.0,-0.0,43.0,0.0,233.33,0,233.33,0
1586,40,1.0,-0.0,-0.0,44.0,0.0,26.52,0,26.52,0
1586,41,1.0,-0.0,-0.0,45.0,0.0,203.82,0,203.82,0
1586,42,1.0,0.0,-0.0,46.0,0.0,22.51,0,22.51,0
1586,43,1.0,-0.0,0.0,47.0,0.0,211.17,0,211.17,0
1586,44,1.0,0.0,-0.0,48.0,0.0,10.16,0,10.16,0
1586,45,1.0,-0.0,0.0,49.0,0.0,6.00,0,6.00,0
1586,46,1.0,0.0,-0.0,50.0,0.0,12.61,0,12.61,0
1586,47,1.0,-0.0,0.0,51.0,0.0,0,0,0,0
1586,48,1.0,0.0,-0.0,52.0,0.0,0,0,0,0
1566,1,1.0,0.0,0.0,201.0,0.0,0,0,0,0
1566,2,1.0,-0.0,-0.0,202.0,0.0,0,0,0,0
1566,3,1.0,-0.0,-0.0,203.0,0.0,0,0,0,0
1566,4,1.0,-0.0,-0.0,204.0,0.0,0,0,0,0
1566,5,1.0,-0.0,-0.0,205.0,0.0,0,0,0,0
1566,6,1.0,-0.0,-0.0,206.0,0.0,0,0,0,0
1566,7,1.0,-0.0,-0.0,207.0,0.0,0,0,0,0
1566,8,1.0,-0.0,-0.0,208.0,0.0,0,0,0,0
1566,9,1.0,-0.0,-0.0,209.0,0.0,0,0,0,0
1566,10,1.0,-0.0,-0.0,210.0,0.0,0,0,0,0
1566,11,1.0,-0.0,-0.0,211.0,0.0,0,0,0,0
1566,12,1.0,-0.0,-0.0,212.0,0.0,0,0,0,0
1566,13,1.0,-0.0,-0.0,213.0,0.0,0,0,0,0
1566,14,1.0,-0.0,-0.0,214.0,0.0,0,0,0,0
1566,15,1.0,-0.0,-0.0,215.0,0.0,0,0,0,0
1566,16,1.0,-0.0,-0.0,216.0,0.0,0,0,0,0
1566,17,1.0,-0.0,-0.0,217.0,0.0,0,0,0,0
1566,18,1.0,-0.0,-0.0,218.0,0.0,0,0,0,0
1566,19,1.0,-0.0,-0.0,219.0,0.0,0,0,0,0
1566,20,1.0,-0.0,-0.0,220.0,0.0,0,0,0,0
1566,21,1.0,-0.0,-0.0,221.0,0.0,0,0,0,0
1566,22,1.0,-0.0,-0.0,222.0,0.0,0,0,0,0
1566,23,1.0,-0.0,-0.0,223.0,0.0,0,0,0,0
1566,24,1.0,-0.0,-0.0,224.0,0.0,0,0,0,0
1566,25,1.0,-0.0,-0.0,225.0,0.0,10.75,0,10.75,0
1566,26,1.0,-0.0,-0.0,226.0,0.0,2.06,0,2.06,0
1566,27,1.0,-0.0,-0.0,227.0,0.0,20.97,0,20.97,0
1566,28,1.0,-0.0,-0.0,228.0,0.0,107.87,0,107.87,0
1566,29,1.0,-0.0,-0.0,229.0,0.0,108.96,0,108.96,0
1566,30,1.0,-0.0,-0.0,230.0,0.0,0,0,0,0
1566,31,1.0,-0.0,-0.0,231.0,0.0,0,0,0,0
1566,32,1.0,-0.0,-0.0,232.0,0.0,0,0,0,0
1566,33,1.0,-0.0,-0.0,233.0,0.0,0,0,0,0
1566,34,1.0,-0.0,-0.0,234.0,0.0,0,0,0,0
1566,35,1.0,-0.0,-0.0,235.0,0.0,0,0,0,0
1566,36,1.0,-0.0,-0.0,236.0,0.0,0,0,0,0
1566,37,1.0,-0.0,-0.0,237.0,0.0,0,0,0,0
1566,38,1.0,-0.0,-0.0,238.0,0.0,0,0,0,0
1566,39,1.0,-0.0,-0.0,239.0,0.0,0,0,0,0
1566,40,1.0,-0.0,-0.0,240.0,0.0,0,0,0,0
1566,41,1.0,-0.0,-0.0,241.0,0.0,0,0,0,0
1566,42,1.0,-0.0,-0.0,242.0,0.0,0,0,0,0
1566,43,1.0,-0.0,-0.0,243.0,0.0,0,0,0,0
1566,44,1.0,-0.0,-0.0,244.0,0.0,0,0,0,0
1566,45,1.0,-0.0,-0.0,245.0,0.0,0,0,0,0
1566,46,1.0,-0.0,-0.0,246.0,0.0,0,0,0,0
1566,47,1.0,-0.0,-0.0,247.0,0.0,0,0,0,0
1566,48,1.0,-0.0,-0.0,248.0,0.0,0,0,0,0
1567,1,1.0,0.0,0.0,201.0,0.0,0,0,0,0
1567,2,1.0,-0.0,-0.0,202.0,0.0,0,0,0,0
1567,3,1.0,-0.0,-0.0,203.0,0.0,0,0,0,0
1567,4,1.0,-0.0,-0.0,204.0,0.0,0,0,0,0
1567,5,1.0,-0.0,-0.0,205.0,0.0,0,0,0,0
1567,6,1.0,-0.0,-0.0,206.0,0.0,0,0,0,0
1567,7,1.0,-0.0,-0.0,207.0,0.0,0,0,0,0
1567,8,1.0,-0.0,-0.0,208.0,0.0,0,0,0,0
1567,9,1.0,-0.0,-0.0,209.0,0.0,0,0,0,0
1567,10,1.0,-0.0,-0.0,210.0,0.0,0,0,0,0
1567,11,1.0,-0.0,-0.0,211.0,0.0,0,0,0,0
1567,12,1.0,-0.0,-0.0,212.0,0.0,0,0,0,0
1567,13,1.0,-0.0,-0.0,213.0,0.0,0,0,0,0
1567,14,1.0,-0.0,-0.0,214.0,0.0,0,0,0,0
1567,15,1.0,-0.0,-0.0,215.0,0.0,0,0,0,0
1567,16,1.0,-0.0,-0.0,216.0,0.0,0,0,0,0
1567,17,1.0,-0.0,-0.0,217.0,0.0,0,0,0,0
1567,18,1.0,-0.0,-0.0,218.0,0.0,0,0,0,0
1567,19,1.0,-0.0,-0.0,219.0,0.0,0,0,0,0
1567,20,1.0,-0.0,-0.0,220.0,0.0,0,0,0,0
1567,21,1.0,-0.0,-0.0,221.0,0.0,0,0,0,0
1567,22,1.0,-0.0,-0.0,222.0,0.0,0,0,0,0
1567,23,1.0,-0.0,-0.0,223.0,0.0,0,0,0,0
1567,24,1.0,-0.0,-0.0,224.0,0.0,0,0,0,0
1567,25,1.0,-0.0,-0.0,225.0,0.0,62.50,0,62.50,0
1567,26,1.0,-0.0,-0.0,226.0,0.0,0,0,0,0
1567,27,1.0,-0.0,-0.0,227.0,0.0,62.50,0,62.50,0
1567,28,1.0,-0.0,-0.0,228.0,0.0,0,0,0,0
1567,29,1.0,-0.0,-0.0,229.0,0.0,0,0,0,0
1567,30,1.0,-0.0,-0.0,230.0,0.0,0,0,0,0
1567,31,1.0,-0.0,-0.0,231.0,0.0,0,0,0,0
1567,32,1.0,-0.0,-0.0,232.0,0.0,0,0,0,0
1567,33,1.0,-0.0,-0.0,233.0,0.0,0,0,0,0
1567,34,1.0,-0.0,-0.0,234.0,0.0,0,0,0,0
1567,35,1.0,-0.0,-0.0,235.0,0.0,0,0,0,0
1567,36,1.0,-0.0,-0.0,236.0,0.0,0,0,0,0
1567,37,1.0,-0.0,-0.0,237.0,0.0,0,0,0,0
1567,38,1.0,-0.0,-0.0,238.0,0.0,0,0,0,0
1567,39,1.0,-0.0,-0.0,239.0,0.0,0,0,0,0
1567,40,1.0,-0.0,-0.0,240.0,0.0,0,0,0,0
1567,41,1.0,-0.0,-0.0,241.0,0.0,0,0,0,0
1567,42,1.0,-0.0,-0.0,242.0,0.0,0,0,0,0
1567,43,1.0,-0.0,-0.0,243.0,0.0,0,0,0,0
1567,44,1.0,-0.0,-0.0,244.0,0.0,0,0,0,0
1567,45,1.0,-0.0,-0.0,245.0,0.0,0,0,0,0
1567,46,1.0,-0.0,-0.0,246.0,0.0,0,0,0,0
1567,47,1.0,-0.0,-0.0,247.0,0.0,0,0,0,0
1567,48,1.0,-0.0,-0.0,248.0,0.0,0,0,0,0
1616,1,0.0,0.0,1.0,0.0,1.0,0,92.00,92.00,92.00
1616,2,0.0,0.0,0.0,0.0,2.0,0,92.00,92.00,92.00
1616,3,0.0,0.0,0.0,0.0,3.0,0,92.00,92.00,92.00
1616,4,0.0,0.0,0.0,0.0,4.0,0,92.00,92.00,92.00
1616,5,0.0,0.0,0.0,0.0,5.0,0,92.00,92.00,92.00
1616,6,0.0,0.0,0.0,0.0,6.0,0,92.00,92.00,92.00
1616,7,0.0,0.0,0.0,0.0,7.0,0,92.00,92.00,92.00
1616,8,0.0,0.0,0.0,0.0,8.0,0,92.00,92.00,92.00
1616,9,0.0,0.0,0.0,0.0,9.0,0,92.00,92.00,92.00
1616,10,0.0,0.0,0.0,0.0,10.0,0,92.00,92.00,92.00
1616,11,0.0,0.0,0.0,0.0,11.0,0,92.00,92.00,92.00
1616,12,0.0,0.0,0.0,0.0,12.0,0,92.00,92.00,92.00
1616,13,0.0,0.0,0.0,0.0,13.0,0,92.00,92.00,92.00
1616,14,0.0,0.0,0.0,0.0,14.0,0,92.00,92.00,92.00
1616,15,0.0,0.0,0.0,0.0,15.0,0,92.00,92.00,92.00
1616,16,0.0,0.0,0.0,0.0,16.0,0,92.00,92.00,92.00
1616,17,0.0,0.0,0.0,0.0,17.0,0,92.00,92.00,92.00
1616,18,0.0,0.0,0.0,0.0,18.0,0,92.00,92.00,92.00
1616,19,0.0,0.0,0.0,0.0,19.0,0,92.00,92.00,92.00
1616,20,0.0,0.0,0.0,0.0,20.0,0,92.00,92.00,92.00
1616,21,0.0,0.0,0.0,0.0,21.0,0,92.00,92.00,92.00
1616,22,0.0,0.0,0.0,0.0,22.0,0,92.00,92.00,92.00
1616,23,0.0,0.0,0.0,0.0,23.0,0,92.00,92.00,92.00
1616,24,0.0,0.0,0.0,0.0,24.0,0,92.00,92.00,92.00
1616,25,0.0,0.0,0.0,0.0,25.0,0,92.00,92.00,92.00
1616,26,0.0,0.0,0.0,0.0,26.0,0,92.00,92.00,92.00
1616,27,0.0,0.0,0.0,0.0,27.0,0,92.00,92.00,92.00
1616,28,0.0,0.0,0.0,0.0,28.0,0,92.00,92.00,92.00
1616,29,0.0,0.0,0.0,0.0,29.0,0,92.00,92.00,92.00
1616,30,0.0,0.0,0.0,0.0,30.0,0,92.00,92.00,92.00
1616,31,0.0,0.0,0.0,0.0,31.0,0,92.00,92.00,92.00
1616,32,0.0,0.0,0.0,0.0,32.0,0,92.00,92.00,92.00
1616,33,0.0,0.0,0.0,0.0,33.0,0,92.00,92.00,92.00
1616,34,0.0,0.0,0.0,0.0,34.0,0,92.00,92.00,92.00
1616,35,0.0,0.0,0.0,0.0,35.0,0,92.00,92.00,92.00
1616,36,0.0,0.0,0.0,0.0,36.0,0,92.00,92.00,92.00
1616,37,0.0,0.0,0.0,0.0,37.0,0,92.00,92.00,92.00
1616,38,0.0,0.0,0.0,0.0,38.0,0,92.00,92.00,92.00
1616,39,0.0,0.0,0.0,0.0,39.0,0,92.00,92.00,92.00
1616,40,0.0,0.0,0.0,0.0,40.0,0,92.00,92.00,92.00
1616,41,0.0,0.0,0.0,0.0,41.0,0,92.00,92.00,92.00
1616,42,0.0,0.0,0.0,0.0,42.0,0,92.00,92.00,92.00
1616,43,0.0,0.0,0.0,0.0,43.0,0,92.00,92.00,92.00
1616,44,0.0,0.0,0.0,0.0,44.0,0,92.00,92.00,92.00
1616,45,0.0,0.0,0.0,0.0,45.0,0,92.00,92.00,92.00
1616,46,0.0,0.0,0.0,0.0,46.0,0,92.00,92.00,92.00
1616,47,-0.0,0.0,0.0,0.0,47.0,0,92.00,92.00,92.00
1616,48,0.0,0.0,0.0,0.0,48.0,0,92.00,92.00,92.00
1617,1,1.0,0.0,0.0,201.0,0.0,0,0,0,0
1617,2,1.0,0.0,0.0,202.0,0.0,0,0,0,0
1617,3,1.0,0.0,0.0,203.0,0.0,0,0,0,0
1617,4,1.0,0.0,0.0,204.0,0.0,0,0,0,0
1617,5,1.0,0.0,0.0,205.0,0.0,0,0,0,0
1617,6,1.0,0.0,0.0,206.0,0.0,0,0,0,0
1617,7,1.0,0.0,0.0,207.0,0.0,0,0,0,0
1617,8,1.0,0.0,0.0,208.0,0.0,0,0,0,0
1617,9,1.0,0.0,0.0,209.0,0.0,0,0,0,0
1617,10,1.0,0.0,0.0,210.0,0.0,0,0,0,0
1617,11,1.0,0.0,0.0,211.0,0.0,0,0,0,0
1617,12,1.0,0.0,0.0,212.0,0.0,0,0,0,0
1617,13,1.0,0.0,0.0,213.0,0.0,0,0,0,0
1617,14,1.0,0.0,0.0,214.0,0.0,0,0,0,0
1617,15,1.0,0.0,0.0,215.0,0.0,0,0,0,0
1617,16,1.0,0.0,0.0,216.0,0.0,0,0,0,0
1617,17,1.0,0.0,0.0,217.0,0.0,0,0,0,0
1617,18,1.0,0.0,0.0,218.0,0.0,0,0,0,0
1617,19,1.0,0.0,0.0,219.0,0.0,0,0,0,0
1617,20,1.0,0.0,0.0,220.0,0.0,0,0,0,0
1617,21,1.0,0.0,0.0,221.0,0.0,0,0,0,0
1617,22,1.0,0.0,0.0,222.0,0.0,0,0,0,0
1617,23,1.0,0.0,0.0,223.0,0.0,0,0,0,0
1617,24,1.0,0.0,0.0,224.0,0.0,0,0,0,0
1617,25,1.0,0.0,0.0,225.0,0.0,0,0,0,0
1617,26,1.0,0.0,0.0,226.0,0.0,0,0,0,0
1617,27,1.0,0.0,0.0,227.0,0.0,0,0,0,0
1617,28,1.0,0.0,0.0,228.0,0.0,0,0,0,0
1617,29,1.0,0.0,0.0,229.0,0.0,0,0,0,0
1617,30,1.0,0.0,0.0,230.0,0.0,0,0,0,0
1617,31,1.0,0.0,0.0,231.0,0.0,0,0,0,0
1617,32,1.0,0.0,0.0,232.0,0.0,0,0,0,0
1617,33,1.0,0.0,0.0,233.0,0.0,0,0,0,0
1617,34,1.0,0.0,0.0,234.0,0.0,0,0,0,0
1617,35,1.0,0.0,0.0,235.0,0.0,0,0,0,0
1617,36,1.0,0.0,0.0,236.0,0.0,0,0,0,0
1617,37,1.0,0.0,0.0,237.0,0.0,0,0,0,0
1617,38,1.0,0.0,0.0,238.0,0.0,0,0,0,0
1617,39,1.0,0.0,0.0,239.0,0.0,0,0,0,0
1617,40,1.0,0.0,0.0,240.0,0.0,0,0,0,0
1617,41,1.0,0.0,0.0,241.0,0.0,0,0,0,0
1617,42,1.0,0.0,0.0,242.0,0.0,0,0,0,0
1617,43,1.0,0.0,0.0,243.0,0.0,0,0,0,0
1617,44,1.0,0.0,0.0,244.0,0.0,0,0,0,0
1617,45,1.0,0.0,0.0,245.0,0.0,0,0,0,0
1617,46,1.0,0.0,0.0,246.0,0.0,0,0,0,0
1617,47,1.0,0.0,0.0,247.0,0.0,0,0,0,0
1617,48,1.0,0.0,0.0,248.0,0.0,0,0,0,0
1618,1,1.0,0.0,0.0,201.0,0.0,0,0,0,0
1618,2,1.0,0.0,0.0,202.0,0.0,0,0,0,0
1618,3,1.0,0.0,0.0,203.0,0.0,0,0,0,0
1618,4,1.0,0.0,0.0,204.0,0.0,0,0,0,0
1618,5,1.0,0.0,0.0,205.0,0.0,0,0,0,0
1618,6,1.0,0.0,0.0,206.0,0.0,0,0,0,0
1618,7,1.0,0.0,0.0,207.0,0.0,0,0,0,0
1618,8,1.0,0.0,0.0,208.0,0.0,0,0,0,0
1618,9,1.0,0.0,0.0,209.0,0.0,0,0,0,0
1618,10,1.0,0.0,0.0,210.0,0.0,0,0,0,0
1618,11,1.0,0.0,0.0,211.0,0.0,0,0,0,0
1618,12,1.0,0.0,0.0,212.0,0.0,0,0,0,0
1618,13,1.0,0.0,0.0,213.0,0.0,0,0,0,0
1618,14,1.0,0.0,0.0,214.0,0.0,0,0,0,0
1618,15,1.0,0.0,0.0,215.0,0.0,0,0,0,0
1618,16,1.0,0.0,0.0,216.0,0.0,0,0,0,0
1618,17,1.0,0.0,0.0,217.0,0.0,0,0,0,0
1618,18,1.0,0.0,0.0,218.0,0.0,0,0,0,0
1618,19,1.0,0.0,0.0,219.0,0.0,0,0,0,0
1618,20,1.0,0.0,0.0,220.0,0.0,0,0,0,0
1618,21,1.0,0.0,0.0,221.0,0.0,0,0,0,0
1618,22,1.0,0.0,0.0,222.0,0.0,0,0,0,0
1618,23,1.0,0.0,0.0,223.0,0.0,0,0,0,0
1618,24,1.0,0.0,0.0,224.0,0.0,0,0,0,0
1618,25,1.0,0.0,0.0,225.0,0.0,0,0,0,0
1618,26,1.0,0.0,0.0,226.0,0.0,0,0,0,0
1618,27,1.0,0.0,0.0,227.0,0.0,0,0,0,0
1618,28,1.0,0.0,0.0,228.0,0.0,0,0,0,0
1618,29,1.0,0.0,0.0,229.0,0.0,0,0,0,0
1618,30,1.0,0.0,0.0,230.0,0.0,0,0,0,0
1618,31,1.0,0.0,0.0,231.0,0.0,0,0,0,0
1618,32,1.0,0.0,0.0,232.0,0.0,0,0,0,0
1618,33,1.0,0.0,0.0,233.0,0.0,0,0,0,0
1618,34,1.0,0.0,0.0,234.0,0.0,0,0,0,0
1618,35,1.0,0.0,0.0,235.0,0.0,0,0,0,0
1618,36,1.0,0.0,0.0,236.0,0.0,0,0,0,0
1618,37,1.0,0.0,0.0,237.0,0.0,0,0,0,0
1618,38,1.0,0.0,0.0,238.0,0.0,0,0,0,0
1618,39,1.0,0.0,0.0,239.0,0.0,0,0,0,0
1618,40,1.0,0.0,0.0,240.0,0.0,0,0,0,0
1618,41,1.0,0.0,0.0,241.0,0.0,0,0,0,0
1618,42,1.0,0.0,0.0,242.0,0.0,0,0,0,0
1618,43,1.0,0.0,0.0,243.0,0.0,0,0,0,0
1618,44,1.0,0.0,0.0,244.0,0.0,0,0,0,0
1618,45,1.0,0.0,0.0,245.0,0.0,0,0,0,0
1618,46,1.0,0.0,0.0,246.0,0.0,0,0,0,0
1618,47,1.0,0.0,0.0,247.0,0.0,0,0,0,0
1618,48,1.0,0.0,0.0,248.0,0.0,0,0,0,0
1619,1,1.0,0.0,0.0,201.0,0.0,0,0,0,0
1619,2,1.0,0.0,0.0,202.0,0.0,0,0,0,0
1619,3,1.0,0.0,0.0,203.0,0.0,0,0,0,0
1619,4,1.0,0.0,0.0,204.0,0.0,0,0,0,0
1619,5,1.0,0.0,0.0,205.0,0.0,0,0,0,0
1619,6,1.0,0.0,0.0,206.0,0.0,0,0,0,0
1619,7,1.0,0.0,0.0,207.0,0.0,0,0,0,0
1619,8,1.0,0.0,0.0,208.0,0.0,0,0,0,0
1619,9,1.0,0.0,0.0,209.0,0.0,0,0,0,0
1619,10,1.0,0.0,0.0,210.0,0.0,0,0,0,0
1619,11,1.0,0.0,0.0,211.0,0.0,0,0,0,0
1619,12,1.0,0.0,0.0,212.0,0.0,0,0,0,0
1619,13,1.0,0.0,0.0,213.0,0.0,0,0,0,0
1619,14,1.0,0.0,0.0,214.0,0.0,0,0,0,0
1619,15,1.0,0.0,0.0,215.0,0.0,0,0,0,0
1619,16,1.0,0.0,0.0,216.0,0.0,0,0,0,0
1619,17,1.0,0.0,0.0,217.0,0.0,0,0,0,0
1619,18,1.0,0.0,0.0,218.0,0.0,0,0,0,0
1619,19,1.0,0.0,0.0,219.0,0.0,0,0,0,0
1619,20,1.0,0.0,0.0,220.0,0.0,0,0,0,0
1619,21,1.0,0.0,0.0,221.0,0.0,0,0,0,0
1619,22,1.0,0.0,0.0,222.0,0.0,0,0,0,0
1619,23,1.0,0.0,0.0,223.0,0.0,0,0,0,0
1619,24,1.0,0.0,0.0,224.0,0.0,0,0,0,0
1619,25,1.0,0.0,0.0,225.0,0.0,0,0,0,0
1619,26,1.0,0.0,0.0,226.0,0.0,0,0,0,0
1619,27,1.0,0.0,0.0,227.0,0.0,0,0,0,0
1619,28,1.0,0.0,0.0,228.0,0.0,0,0,0,0
1619,29,1.0,0.0,0.0,229.0,0.0,0,0,0,0
1619,30,1.0,0.0,0.0,230.0,0.0,0,0,0,0
1619,31,1.0,0.0,0.0,231.0,0.0,0,0,0,0
1619,32,1.0,0.0,0.0,232.0,0.0,0,0,0,0
1619,33,1.0,0.0,0.0,233.0,0.0,0,0,0,0
1619,34,1.0,0.0,0.0,234.0,0.0,0,0,0,0
1619,35,1.0,0.0,0.0,235.0,0.0,0,0,0,0
1619,36,1.0,0.0,0.0,236.0,0.0,0,0,0,0
1619,37,1.0,0.0,0.0,237.0,0.0,0,0,0,0
1619,38,1.0,0.0,0.0,238.0,0.0,0,0,0,0
1619,39,1.0,0.0,0.0,239.0,0.0,0,0,0,0
1619,40,1.0,0.0,0.0,240.0,0.0,0,0,0,0
1619,41,1.0,0.0,0.0,241.0,0.0,0,0,0,0
1619,42,1.0,0.0,0.0,242.0,0.0,0,0,0,0
1619,43,1.0,0.0,0.0,243.0,0.0,0,0,0,0
1619,44,1.0,0.0,0.0,244.0,0.0,0,0,0,0
1619,45,1.0,0.0,0.0,245.0,0.0,0,0,0,0
1619,46,1.0,0.0,0.0,246.0,0.0,0,0,0,0
1619,47,1.0,0.0,0.0,247.0,0.0,0,0,0,0
1619,48,1.0,0.0,0.0,248.0,0.0,0,0,0,0
1620,1,1.0,0.0,0.0,201.0,0.0,0,0,0,0
1620,2,1.0,0.0,0.0,202.0,0.0,0,0,0,0
1620,3,1.0,0.0,0.0,203.0,0.0,0,0,0,0
1620,4,1.0,0.0,0.0,204.0,0.0,0,0,0,0
1620,5,1.0,0.0,0.0,205.0,0.0,0,0,0,0
1620,6,1.0,0.0,0.0,206.0,0.0,0,0,0,0
1620,7,1.0,0.0,0.0,207.0,0.0,0,0,0,0
1620,8,1.0,0.0,0.0,208.0,0.0,0,0,0,0
1620,9,1.0,0.0,0.0,209.0,0.0,0,0,0,0
1620,10,1.0,0.0,0.0,210.0,0.0,0,0,0,0
1620,11,1.0,0.0,0.0,211.0,0.0,0,0,0,0
1620,12,1.0,0.0,0.0,212.0,0.0,0,0,0,0
1620,13,1.0,0.0,0.0,213.0,0.0,0,0,0,0
1620,14,1.0,0.0,0.0,214.0,0.0,0,0,0,0
1620,15,1.0,0.0,0.0,215.0,0.0,0,0,0,0
1620,16,1.0,0.0,0.0,216.0,0.0,0,0,0,0
1620,17,1.0,0.0,0.0,217.0,0.0,0,0,0,0
1620,18,1.0,0.0,0.0,218.0,0.0,0,0,0,0
1620,19,1.0,0.0,0.0,219.0,0.0,0,0,0,0
1620,20,1.0,0.0,0.0,220.0,0.0,0,0,0,0
1620,21,1.0,0.0,0.0,221.0,0.0,0,0,0,0
1620,22,1.0,0.0,0.0,222.0,0.0,0,0,0,0
1620,23,1.0,0.0,0.0,223.0,0.0,0,0,0,0
1620,24,1.0,0.0,0.0,224.0,0.0,0,0,0,0
1620,25,1.0,0.0,0.0,225.0,0.0,0,0,0,0
1620,26,1.0,0.0,0.0,226.0,0.0,0,0,0,0
1620,27,1.0,0.0,0.0,227.0,0.0,0,0,0,0
1620,28,1.0,0.0,0.0,228.0,0.0,0,0,0,0
1620,29,1.0,0.0,0.0,229.0,0.0,0,0,0,0
1620,30,1.0,0.0,0.0,230.0,0.0,0,0,0,0
1620,31,1.0,0.0,0.0,231.0,0.0,0,0,0,0
1620,32,1.0,0.0,0.0,232.0,0.0,0,0,0,0
1620,33,1.0,0.0,0.0,233.0,0.0,0,0,0,0
1620,34,1.0,0.0,0.0,234.0,0.0,0,0,0,0
1620,35,1.0,0.0,0.0,235.0,0.0,0,0,0,0
1620,36,1.0,0.0,0.0,236.0,0.0,0,0,0,0
1620,37,1.0,0.0,0.0,237.0,0.0,0,0,0,0
1620,38,1.0,0.0,0.0,238.0,0.0,0,0,0,0
1620,39,1.0,0.0,0.0,239.0,0.0,0,0,0,0
1620,40,1.0,0.0,0.0,240.0,0.0,0,0,0,0
1620,41,1.0,0.0,0.0,241.0,0.0,0,0,0,0
1620,42,1.0,0.0,0.0,242.0,0.0,0,0,0,0
1620,43,1.0,0.0,0.0,243.0,0.0,0,0,0,0
1620,44,1.0,0.0,0.0,244.0,0.0,0,0,0,0
1620,45,1.0,0.0,0.0,245.0,0.0,0,0,0,0
1620,46,1.0,0.0,0.0,246.0,0.0,0,0,0,0
1620,47,1.0,0.0,0.0,247.0,0.0,0,0,0,0
1620,48,1.0,0.0,0.0,248.0,0.0,0,0,0,0
1621,1,1.0,0.0,0.0,201.0,0.0,0,0,0,0
1621,2,1.0,0.0,0.0,202.0,0.0,0,0,0,0
1621,3,1.0,0.0,0.0,203.0,0.0,0,0,0,0
1621,4,1.0,0.0,0.0,204.0,0.0,0,0,0,0
1621,5,1.0,0.0,0.0,205.0,0.0,0,0,0,0
1621,6,1.0,0.0,0.0,206.0,0.0,0,0,0,0
1621,7,1.0,0.0,0.0,207.0,0.0,0,0,0,0
1621,8,1.0,0.0,0.0,208.0,0.0,0,0,0,0
1621,9,1.0,0.0,0.0,209.0,0.0,0,0,0,0
1621,10,1.0,0.0,0.0,210.0,0.0,0,0,0,0
1621,11,1.0,0.0,0.0,211.0,0.0,0,0,0,0
1621,12,1.0,0.0,0.0,212.0,0.0,0,0,0,0
1621,13,1.0,0.0,0.0,213.0,0.0,0,0,0,0
1621,14,1.0,0.0,0.0,214.0,0.0,0,0,0,0
1621,15,1.0,0.0,0.0,215.0,0.0,0,0,0,0
1621,16,1.0,0.0,0.0,216.0,0.0,0,0,0,0
1621,17,1.0,0.0,0.0,217.0,0.0,0,0,0,0
1621,18,1.0,0.0,0.0,218.0,0.0,0,0,0,0
1621,19,1.0,0.0,0.0,219.0,0.0,0,0,0,0
1621,20,1.0,0.0,0.0,220.0,0.0,0,0,0,0
1621,21,1.0,0.0,0.0,221.0,0.0,0,0,0,0
1621,22,1.0,0.0,0.0,222.0,0.0,0,0,0,0
1621,23,1.0,0.0,0.0,223.0,0.0,0,0,0,0
1621,24,1.0,0.0,0.0,224.0,0.0,0,0,0,0
1621,25,1.0,0.0,0.0,225.0,0.0,0,0,0,0
1621,26,1.0,0.0,0.0,226.0,0.0,0,0,0,0
1621,27,1.0,0.0,0.0,227.0,0.0,0,0,0,0
1621,28,1.0,0.0,0.0,228.0,0.0,0,0,0,0
1621,29,1.0,0.0,0.0,229.0,0.0,0,0,0,0
1621,30,1.0,0.0,0.0,230.0,0.0,0,0,0,0
1621,31,1.0,0.0,0.0,231.0,0.0,0,0,0,0
1621,32,1.0,0.0,0.0,232.0,0.0,0,0,0,0
1621,33,1.0,0.0,0.0,233.0,0.0,0,0,0,0
1621,34,1.0,0.0,0.0,234.0,0.0,0,0,0,0
1621,35,1.0,0.0,0.0,235.0,0.0,0,0,0,0
1621,36,1.0,0.0,0.0,236.0,0.0,0,0,0,0
1621,37,1.0,0.0,0.0,237.0,0.0,0,0,0,0
1621,38,1.0,0.0,0.0,238.0,0.0,0,0,0,0
1621,39,1.0,0.0,0.0,239.0,0.0,0,0,0,0
1621,40,1.0,0.0,0.0,240.0,0.0,0,0,0,0
1621,41,1.0,0.0,0.0,241.0,0.0,0,0,0,0
1621,42,1.0,0.0,0.0,242.0,0.0,0,0,0,0
1621,43,1.0,0.0,0.0,243.0,0.0,0,0,0,0
1621,44,1.0,0.0,0.0,244.0,0.0,0,0,0,0
1621,45,1.0,0.0,0.0,245.0,0.0,0,0,0,0
1621,46,1.0,0.0,0.0,246.0,0.0,0,0,0,0
1621,47,1.0,0.0,0.0,247.0,0.0,0,0,0,0
1621,48,1.0,0.0,0.0,248.0,0.0,0,0,0,0
1622,1,1.0,0.0,0.0,201.0,0.0,0,0,0,0
1622,2,1.0,0.0,0.0,202.0,0.0,0,0,0,0
1622,3,1.0,0.0,0.0,203.0,0.0,0,0,0,0
1622,4,1.0,0.0,0.0,204.0,0.0,0,0,0,0
1622,5,1.0,0.0,0.0,205.0,0.0,0,0,0,0
1622,6,1.0,0.0,0.0,206.0,0.0,0,0,0,0
1622,7,1.0,0.0,0.0,207.0,0.0,0,0,0,0
1622,8,1.0,0.0,0.0,208.0,0.0,0,0,0,0
1622,9,1.0,0.0,0.0,209.0,0.0,0,0,0,0
1622,10,1.0,0.0,0.0,210.0,0.0,0,0,0,0
1622,11,1.0,0.0,0.0,211.0,0.0,0,0,0,0
1622,12,1.0,0.0,0.0,212.0,0.0,0,0,0,0
1622,13,1.0,0.0,0.0,213.0,0.0,0,0,0,0
1622,14,1.0,0.0,0.0,214.0,0.0,0,0,0,0
1622,15,1.0,0.0,0.0,215.0,0.0,0,0,0,0
1622,16,1.0,0.0,0.0,216.0,0.0,0,0,0,0
1622,17,1.0,0.0,0.0,217.0,0.0,0,0,0,0
1622,18,1.0,0.0,0.0,218.0,0.0,0,0,0,0
1622,19,1.0,0.0,0.0,219.0,0.0,0,0,0,0
1622,20,1.0,0.0,0.0,220.0,0.0,0,0,0,0
1622,21,1.0,0.0,0.0,221.0,0.0,0,0,0,0
1622,22,1.0,0.0,0.0,222.0,0.0,0,0,0,0
1622,23,1.0,0.0,0.0,223.0,0.0,0,0,0,0
1622,24,1.0,0.0,0.0,224.0,0.0,0,0,0,0
1622,25,1.0,0.0,0.0,225.0,0.0,0,0,0,0
1622,26,1.0,0.0,0.0,226.0,0.0,0,0,0,0
1622,27,1.0,0.0,0.0,227.0,0.0,0,0,0,0
1622,28,1.0,0.0,0.0,228.0,0.0,0,0,0,0
1622,29,1.0,0.0,0.0,229.0,0.0,0,0,0,0
1622,30,1.0,0.0,0.0,230.0,0.0,0,0,0,0
1622,31,1.0,0.0,0.0,231.0,0.0,0,0,0,0
1622,32,1.0,0.0,0.0,232.0,0.0,0,0,0,0
1622,33,1.0,0.0,0.0,233.0,0.0,0,0,0,0
1622,34,1.0,0.0,0.0,234.0,0.0,0,0,0,0
1622,35,1.0,0.0,0.0,235.0,0.0,0,0,0,0
1622,36,1.0,0.0,0.0,236.0,0.0,0,0,0,0
1622,37,1.0,0.0,0.0,237.0,0.0,0,0,0,0
1622,38,1.0,0.0,0.0,238.0,0.0,0,0,0,0
1622,39,1.0,0.0,0.0,239.0,0.0,0,0,0,0
1622,40,1.0,0.0,0.0,240.0,0.0,0,0,0,0
1622,41,1.0,0.0,0.0,241.0,0.0,0,0,0,0
1622,42,1.0,0.0,0.0,242.0,0.0,0,0,0,0
1622,43,1.0,0.0,0.0,243.0,0.0,0,0,0,0
1622,44,1.0,0.0,0.0,244.0,0.0,0,0,0,0
1622,45,1.0,0.0,0.0,245.0,0.0,0,0,0,0
1622,46,1.0,0.0,0.0,246.0,0.0,0,0,0,0
1622,47,1.0,0.0,0.0,247.0,0.0,0,0,0,0
1622,48,1.0,0.0,0.0,248.0,0.0,0,0,0,0
1623,1,0.0,0.0,1.0,0.0,1.0,0,0,0,0
1623,2,0.0,-0.0,-0.0,0.0,2.0,0,0,0,0
1623,3,0.0,-0.0,-0.0,0.0,3.0,0,0,0,0
1623,4,0.0,-0.0,-0.0,0.0,4.0,0,0,0,0
1623,5,0.0,-0.0,-0.0,0.0,5.0,0,0,0,0
1623,6,0.0,-0.0,-0.0,0.0,6.0,0,0,0,0
1623,7,0.0,-0.0,-0.0,0.0,7.0,0,0,0,0
1623,8,0.0,-0.0,-0.0,0.0,8.0,0,0,0,0
1623,9,0.0,-0.0,-0.0,0.0,9.0,0,0,0,0
1623,10,0.0,0.0,-0.0,0.0,10.0,0,0,0,0
1623,11,0.0,-0.0,-0.0,0.0,11.0,0,0,0,0
1623,12,0.0,-0.0,-0.0,0.0,12.0,0,0,0,0
1623,13,0.0,-0.0,-0.0,0.0,13.0,0,0,0,0
1623,14,-0.0,0.0,-0.0,0.0,14.0,0,0,0,0
1623,15,0.0,-0.0,0.0,0.0,15.0,0,0,0,0
1623,16,0.0,-0.0,0.0,0.0,16.0,0,0,0,0
1623,17,0.0,-0.0,-0.0,0.0,17.0,0,0,0,0
1623,18,0.0,-0.0,0.0,0.0,18.0,0,0,0,0
1623,19,0.0,-0.0,-0.0,0.0,19.0,0,0,0,0
1623,20,-0.0,-0.0,0.0,0.0,20.0,0,0,0,0
1623,21,0.0,-0.0,-0.0,0.0,21.0,0,0,0,0
1623,22,0.0,-0.0,0.0,0.0,22.0,0,0,0,0
1623,23,0.0,-0.0,0.0,0.0,23.0,0,0,0,0
1623,24,0.0,-0.0,0.0,0.0,24.0,0,0,0,0
1623,25,0.0,-0.0,0.0,0.0,25.0,0,0,0,0
1623,26,0.0,0.0,-0.0,0.0,26.0,0,0,0,0
1623,27,0.0,0.0,-0.0,0.0,27.0,0,0,0,0
1623,28,0.0,-0.0,-0.0,0.0,28.0,0,0,0,0
1623,29,0.0,-0.0,-0.0,0.0,29.0,0,0,0,0
1623,30,-0.0,-0.0,-0.0,0.0,30.0,0,0,0,0
1623,31,0.0,0.0,-0.0,0.0,31.0,0,0,0,0
1623,32,-0.0,0.0,-0.0,0.0,32.0,0,0,0,0
1623,33,0.0,-0.0,-0.0,0.0,33.0,0,0,0,0
1623,34,0.0,-0.0,-0.0,0.0,34.0,0,0,0,0
1623,35,0.0,0.0,-0.0,0.0,35.0,0,0,0,0
1623,36,0.0,-0.0,0.0,0.0,36.0,0,0,0,0
1623,37,0.0,-0.0,-0.0,0.0,37.0,0,0,0,0
1623,38,0.0,-0.0,-0.0,0.0,38.0,0,0,0,0
1623,39,0.0,-0.0,-0.0,0.0,39.0,0,0,0,0
1623,40,0.0,-0.0,-0.0,0.0,40.0,0,0,0,0
1623,41,-0.0,-0.0,-0.0,0.0,41.0,0,0,0,0
1623,42,1.0,1.0,-0.0,1.0,0.0,60.50,0,60.50,0
1623,43,1.0,-0.0,0.0,2.0,0.0,0,0,0,0
1623,44,1.0,0.0,-0.0,3.0,0.0,0,0,0,0
1623,45,1.0,-0.0,0.0,4.0,0.0,0,0,0,0
1623,46,1.0,-0.0,0.0,5.0,0.0,0,0,0,0
1623,47,1.0,-0.0,0.0,6.0,0.0,0,0,0,0
1623,48,1.0,-0.0,0.0,7.0,0.0,0,0,0,0
1624,1,1.0,0.0,0.0,201.0,0.0,0,0,0,0
1624,2,1.0,0.0,0.0,202.0,0.0,0,0,0,0
1624,3,1.0,0.0,0.0,203.0,0.0,0,0,0,0
1624,4,1.0,0.0,0.0,204.0,0.0,0,0,0,0
1624,5,1.0,0.0,0.0,205.0,0.0,0,0,0,0
1624,6,1.0,0.0,0.0,206.0,0.0,0,0,0,0
1624,7,1.0,0.0,0.0,207.0,0.0,0,0,0,0
1624,8,1.0,0.0,0.0,208.0,0.0,0,0,0,0
1624,9,1.0,0.0,0.0,209.0,0.0,0,0,0,0
1624,10,1.0,0.0,0.0,210.0,0.0,0,0,0,0
1624,11,1.0,0.0,0.0,211.0,0.0,0,0,0,0
1624,12,1.0,0.0,0.0,212.0,0.0,0,0,0,0
1624,13,1.0,0.0,0.0,213.0,0.0,0,0,0,0
1624,14,1.0,0.0,0.0,214.0,0.0,0,0,0,0
1624,15,1.0,0.0,0.0,215.0,0.0,0,0,0,0
1624,16,1.0,0.0,0.0,216.0,0.0,0,0,0,0
1624,17,1.0,0.0,0.0,217.0,0.0,0,0,0,0
1624,18,1.0,0.0,0.0,218.0,0.0,0,0,0,0
1624,19,1.0,0.0,0.0,219.0,0.0,0,0,0,0
1624,20,1.0,0.0,0.0,220.0,0.0,0,0,0,0
1624,21,1.0,0.0,0.0,221.0,0.0,0,0,0,0
1624,22,1.0,0.0,0.0,222.0,0.0,0,0,0,0
1624,23,1.0,0.0,0.0,223.0,0.0,0,0,0,0
1624,24,1.0,0.0,0.0,224.0,0.0,0,0,0,0
1624,25,1.0,0.0,0.0,225.0,0.0,0,0,0,0
1624,26,1.0,0.0,0.0,226.0,0.0,0,0,0,0
1624,27,1.0,0.0,0.0,227.0,0.0,0,0,0,0
1624,28,1.0,0.0,0.0,228.0,0.0,0,0,0,0
1624,29,1.0,0.0,0.0,229.0,0.0,0,0,0,0
1624,30,1.0,0.0,0.0,230.0,0.0,0,0,0,0
1624,31,1.0,0.0,0.0,231.0,0.0,0,0,0,0
1624,32,1.0,0.0,0.0,232.0,0.0,0,0,0,0
1624,33,1.0,0.0,0.0,233.0,0.0,0,0,0,0
1624,34,1.0,0.0,0.0,234.0,0.0,0,0,0,0
1624,35,1.0,0.0,0.0,235.0,0.0,0,0,0,0
1624,36,1.0,0.0,0.0,236.0,0.0,0,0,0,0
1624,37,1.0,0.0,0.0,237.0,0.0,0,0,0,0
1624,38,1.0,0.0,0.0,238.0,0.0,0,0,0,0
1624,39,1.0,0.0,0.0,239.0,0.0,0,0,0,0
1624,40,1.0,0.0,0.0,240.0,0.0,0,0,0,0
1624,41,1.0,0.0,0.0,241.0,0.0,0,0,0,0
1624,42,1.0,0.0,0.0,242.0,0.0,0,0,0,0
1624,43,1.0,0.0,0.0,243.0,0.0,0,0,0,0
1624,44,1.0,0.0,0.0,244.0,0.0,0,0,0,0
1624,45,1.0,0.0,0.0,245.0,0.0,0,0,0,0
1624,46,1.0,0.0,0.0,246.0,0.0,0,0,0,0
1624,47,1.0,0.0,0.0,247.0,0.0,0,0,0,0
1624,48,1.0,0.0,0.0,248.0,0.0,0,0,0,0
1625,1,1.0,0.0,0.0,201.0,0.0,0,0,0,0
1625,2,1.0,0.0,0.0,202.0,0.0,0,0,0,0
1625,3,1.0,0.0,0.0,203.0,0.0,0,0,0,0
1625,4,1.0,0.0,0.0,204.0,0.0,0,0,0,0
1625,5,1.0,0.0,0.0,205.0,0.0,0,0,0,0
1625,6,1.0,0.0,0.0,206.0,0.0,0,0,0,0
1625,7,1.0,0.0,0.0,207.0,0.0,0,0,0,0
1625,8,1.0,0.0,0.0,208.0,0.0,0,0,0,0
1625,9,1.0,0.0,0.0,209.0,0.0,0,0,0,0
1625,10,1.0,0.0,0.0,210.0,0.0,0,0,0,0
1625,11,1.0,0.0,0.0,211.0,0.0,0,0,0,0
1625,12,1.0,0.0,0.0,212.0,0.0,0,0,0,0
1625,13,1.0,0.0,0.0,213.0,0.0,0,0,0,0
1625,14,1.0,0.0,0.0,214.0,0.0,0,0,0,0
1625,15,1.0,0.0,0.0,215.0,0.0,0,0,0,0
1625,16,1.0,0.0,0.0,216.0,0.0,0,0,0,0
1625,17,1.0,0.0,0.0,217.0,0.0,0,0,0,0
1625,18,1.0,0.0,0.0,218.0,0.0,0,0,0,0
1625,19,1.0,0.0,0.0,219.0,0.0,0,0,0,0
1625,20,1.0,0.0,0.0,220.0,0.0,0,0,0,0
1625,21,1.0,0.0,0.0,221.0,0.0,0,0,0,0
1625,22,1.0,0.0,0.0,222.0,0.0,0,0,0,0
1625,23,1.0,0.0,0.0,223.0,0.0,0,0,0,0
1625,24,1.0,0.0,0.0,224.0,0.0,0,0,0,0
1625,25,1.0,0.0,0.0,225.0,0.0,0,0,0,0
1625,26,1.0,0.0,0.0,226.0,0.0,0,0,0,0
1625,27,1.0,0.0,0.0,227.0,0.0,0,0,0,0
1625,28,1.0,0.0,0.0,228.0,0.0,0,0,0,0
1625,29,1.0,0.0,0.0,229.0,0.0,0,0,0,0
1625,30,1.0,0.0,0.0,230.0,0.0,0,0,0,0
1625,31,1.0,0.0,0.0,231.0,0.0,0,0,0,0
1625,32,1.0,0.0,0.0,232.0,0.0,0,0,0,0
1625,33,1.0,0.0,0.0,233.0,0.0,0,0,0,0
1625,34,1.0,0.0,0.0,234.0,0.0,0,0,0,0
1625,35,1.0,0.0,0.0,235.0,0.0,0,0,0,0
1625,36,1.0,0.0,0.0,236.0,0.0,0,0,0,0
1625,37,1.0,0.0,0.0,237.0,0.0,0,0,0,0
1625,38,1.0,0.0,0.0,238.0,0.0,0,0,0,0
1625,39,1.0,0.0,0.0,239.0,0.0,0,0,0,0
1625,40,1.0,0.0,0.0,240.0,0.0,0,0,0,0
1625,41,1.0,0.0,0.0,241.0,0.0,0,0,0,0
1625,42,1.0,0.0,0.0,242.0,0.0,0,0,0,0
1625,43,1.0,0.0,0.0,243.0,0.0,0,0,0,0
1625,44,1.0,0.0,0.0,244.0,0.0,0,0,0,0
1625,45,1.0,0.0,0.0,245.0,0.0,0,0,0,0
1625,46,1.0,0.0,0.0,246.0,0.0,0,0,0,0
1625,47,1.0,0.0,0.0,247.0,0.0,0,0,0,0
1625,48,1.0,0.0,0.0,248.0,0.0,0,0,0,0
1626,1,1.0,0.0,0.0,201.0,0.0,60.00,0,60.00,0
1626,2,1.0,-0.0,-0.0,202.0,0.0,60.00,0,60.00,0
1626,3,1.0,-0.0,-0.0,203.0,0.0,60.00,0,60.00,0
1626,4,1.0,-0.0,-0.0,204.0,0.0,60.00,0,60.00,0
1626,5,1.0,-0.0,-0.0,205.0,0.0,60.00,0,60.00,0
1626,6,1.0,-0.0,-0.0,206.0,0.0,60.00,0,60.00,0
1626,7,1.0,-0.0,-0.0,207.0,0.0,60.00,0,60.00,0
1626,8,1.0,-0.0,-0.0,208.0,0.0,60.00,0,60.00,0
1626,9,1.0,-0.0,-0.0,209.0,0.0,60.00,0,60.00,0
1626,10,1.0,-0.0,-0.0,210.0,0.0,60.00,0,60.00,0
1626,11,1.0,-0.0,-0.0,211.0,0.0,60.00,0,60.00,0
1626,12,1.0,-0.0,-0.0,212.0,0.0,60.00,0,60.00,0
1626,13,1.0,-0.0,-0.0,213.0,0.0,60.00,0,60.00,0
1626,14,1.0,-0.0,-0.0,214.0,0.0,60.00,0,60.00,0
1626,15,1.0,-0.0,-0.0,215.0,0.0,60.00,0,60.00,0
1626,16,1.0,-0.0,-0.0,216.0,0.0,14.90,0,14.90,0
1626,17,1.0,-0.0,-0.0,217.0,0.0,0,0,0,0
1626,18,1.0,-0.0,-0.0,218.0,0.0,0,0,0,0
1626,19,1.0,-0.0,-0.0,219.0,0.0,0,0,0,0
1626,20,1.0,-0.0,-0.0,220.0,0.0,60.00,0,60.00,0
1626,21,1.0,-0.0,-0.0,221.0,0.0,56.18,0,56.18,0
1626,22,1.0,-0.0,-0.0,222.0,0.0,0,0,0,0
1626,23,1.0,-0.0,-0.0,223.0,0.0,60.00,0,60.00,0
1626,24,1.0,-0.0,0.0,224.0,0.0,60.00,0,60.00,0
1626,25,1.0,-0.0,-0.0,225.0,0.0,60.00,0,60.00,0
1626,26,1.0,-0.0,-0.0,226.0,0.0,60.00,0,60.00,0
1626,27,1.0,-0.0,-0.0,227.0,0.0,60.00,0,60.00,0
1626,28,1.0,-0.0,-0.0,228.0,0.0,60.00,0,60.00,0
1626,29,1.0,-0.0,-0.0,229.0,0.0,60.00,0,60.00,0
1626,30,1.0,-0.0,-0.0,230.0,0.0,60.00,0,60.00,0
1626,31,1.0,-0.0,-0.0,231.0,0.0,60.00,0,60.00,0
1626,32,1.0,-0.0,-0.0,232.0,0.0,60.00,0,60.00,0
1626,33,1.0,-0.0,-0.0,233.0,0.0,60.00,0,60.00,0
1626,34,1.0,-0.0,-0.0,234.0,0.0,60.00,0,60.00,0
1626,35,1.0,-0.0,-0.0,235.0,0.0,60.00,0,60.00,0
1626,36,1.0,-0.0,-0.0,236.0,0.0,60.00,0,60.00,0
1626,37,1.0,-0.0,-0.0,237.0,0.0,60.00,0,60.00,0
1626,38,1.0,-0.0,-0.0,238.0,0.0,60.00,0,60.00,0
1626,39,1.0,-0.0,-0.0,239.0,0.0,4.17,0,4.17,0
1626,40,1.0,-0.0,-0.0,240.0,0.0,0,0,0,0
1626,41,1.0,-0.0,-0.0,241.0,0.0,60.00,0,60.00,0
1626,42,1.0,-0.0,-0.0,242.0,0.0,47.41,0,47.41,0
1626,43,1.0,-0.0,-0.0,243.0,0.0,60.00,0,60.00,0
1626,44,1.0,-0.0,-0.0,244.0,0.0,0,0,0,0
1626,45,1.0,-0.0,-0.0,245.0,0.0,0,0,0,0
1626,46,1.0,-0.0,-0.0,246.0,0.0,0,0,0,0
1626,47,1.0,-0.0,-0.0,247.0,0.0,60.00,0,60.00,0
1626,48,1.0,-0.0,0.0,248.0,0.0,60.00,0,60.00,0
1627,1,1.0,0.0,0.0,201.0,0.0,272.50,0,272.50,0
1627,2,1.0,-0.0,-0.0,202.0,0.0,272.50,0,272.50,0
1627,3,1.0,-0.0,-0.0,203.0,0.0,272.50,0,272.50,0
1627,4,1.0,-0.0,-0.0,204.0,0.0,272.50,0,272.50,0
1627,5,1.0,-0.0,-0.0,205.0,0.0,272.50,0,272.50,0
1627,6,1.0,-0.0,-0.0,206.0,0.0,272.50,0,272.50,0
1627,7,1.0,-0.0,-0.0,207.0,0.0,272.50,0,272.50,0
1627,8,1.0,-0.0,-0.0,208.0,0.0,272.50,0,272.50,0
1627,9,1.0,-0.0,-0.0,209.0,0.0,272.50,0,272.50,0
1627,10,1.0,-0.0,-0.0,210.0,0.0,272.50,0,272.50,0
1627,11,1.0,-0.0,-0.0,211.0,0.0,272.50,0,272.50,0
1627,12,1.0,-0.0,-0.0,212.0,0.0,272.50,0,272.50,0
1627,13,1.0,-0.0,-0.0,213.0,0.0,272.50,0,272.50,0
1627,14,1.0,-0.0,-0.0,214.0,0.0,272.50,0,272.50,92.14
1627,15,1.0,-0.0,-0.0,215.0,0.0,122.76,0,122.76,0
1627,16,1.0,-0.0,-0.0,216.0,0.0,272.50,0,272.50,0
1627,17,1.0,-0.0,-0.0,217.0,0.0,255.59,0,255.59,0
1627,18,1.0,-0.0,-0.0,218.0,0.0,264.23,0,264.23,0
1627,19,1.0,-0.0,-0.0,219.0,0.0,267.07,0,267.07,0
1627,20,1.0,-0.0,-0.0,220.0,0.0,272.50,0,272.50,0
1627,21,1.0,-0.0,-0.0,221.0,0.0,272.50,0,272.50,0
1627,22,1.0,-0.0,-0.0,222.0,0.0,272.50,0,272.50,0
1627,23,1.0,-0.0,-0.0,223.0,0.0,272.50,0,272.50,0
1627,24,1.0,-0.0,-0.0,224.0,0.0,272.50,0,272.50,0
1627,25,1.0,-0.0,-0.0,225.0,0.0,272.50,0,272.50,0
1627,26,1.0,-0.0,-0.0,226.0,0.0,272.50,0,272.50,0
1627,27,1.0,-0.0,-0.0,227.0,0.0,272.50,0,272.50,0
1627,28,1.0,-0.0,-0.0,228.0,0.0,272.50,0,272.50,0
1627,29,1.0,-0.0,-0.0,229.0,0.0,272.50,0,272.50,0
1627,30,1.0,-0.0,-0.0,230.0,0.0,272.50,0,272.50,0
1627,31,1.0,-0.0,-0.0,231.0,0.0,272.50,0,272.50,0
1627,32,1.0,-0.0,-0.0,232.0,0.0,272.50,0,272.50,0
1627,33,1.0,-0.0,-0.0,233.0,0.0,272.50,0,272.50,0
1627,34,1.0,-0.0,-0.0,234.0,0.0,272.50,0,272.50,0
1627,35,1.0,-0.0,-0.0,235.0,0.0,272.50,0,272.50,0
1627,36,1.0,-0.0,-0.0,236.0,0.0,272.50,0,272.50,0
1627,37,1.0,-0.0,-0.0,237.0,0.0,272.50,0,272.50,0
1627,38,1.0,-0.0,-0.0,238.0,0.0,272.50,0,272.50,0
1627,39,1.0,-0.0,-0.0,239.0,0.0,272.50,0,272.50,0
1627,40,1.0,-0.0,-0.0,240.0,0.0,237.48,0,237.48,0
1627,41,1.0,-0.0,-0.0,241.0,0.0,272.50,0,272.50,26.32
1627,42,1.0,-0.0,-0.0,242.0,0.0,21.50,0,21.50,21.50
1627,43,1.0,-0.0,-0.0,243.0,0.0,272.50,0,272.50,23.67
1627,44,1.0,-0.0,-0.0,244.0,0.0,272.50,0,272.50,0
1627,45,1.0,-0.0,-0.0,245.0,0.0,272.50,0,272.50,0
1627,46,1.0,-0.0,-0.0,246.0,0.0,261.39,0,261.39,0
1627,47,1.0,-0.0,-0.0,247.0,0.0,272.50,0,272.50,0
1627,48,1.0,-0.0,0.0,248.0,0.0,272.50,0,272.50,0
1628,1,1.0,0.0,0.0,201.0,0.0,60.00,0,60.00,0
1628,2,1.0,-0.0,-0.0,202.0,0.0,60.00,0,60.00,0
1628,3,1.0,-0.0,-0.0,203.0,0.0,60.00,0,60.00,0
1628,4,1.0,-0.0,-0.0,204.0,0.0,60.00,0,60.00,0
1628,5,1.0,-0.0,-0.0,205.0,0.0,60.00,0,60.00,0
1628,6,1.0,-0.0,-0.0,206.0,0.0,60.00,0,60.00,0
1628,7,1.0,-0.0,-0.0,207.0,0.0,60.00,0,60.00,0
1628,8,1.0,-0.0,-0.0,208.0,0.0,60.00,0,60.00,0
1628,9,1.0,-0.0,-0.0,209.0,0.0,60.00,0,60.00,0
1628,10,1.0,-0.0,-0.0,210.0,0.0,60.00,0,60.00,0
1628,11,1.0,-0.0,-0.0,211.0,0.0,60.00,0,60.00,0
1628,12,1.0,-0.0,-0.0,212.0,0.0,60.00,0,60.00,0
1628,13,1.0,-0.0,-0.0,213.0,0.0,60.00,0,60.00,0
1628,14,1.0,-0.0,-0.0,214.0,0.0,0,0,0,0
1628,15,1.0,-0.0,-0.0,215.0,0.0,60.00,0,60.00,60.00
1628,16,1.0,-0.0,-0.0,216.0,0.0,60.00,0,60.00,21.50
1628,17,1.0,-0.0,-0.0,217.0,0.0,60.00,0,60.00,0
1628,18,1.0,-0.0,-0.0,218.0,0.0,60.00,0,60.00,0
1628,19,1.0,-0.0,-0.0,219.0,0.0,60.00,0,60.00,0
1628,20,1.0,-0.0,-0.0,220.0,0.0,60.00,0,60.00,0
1628,21,1.0,-0.0,-0.0,221.0,0.0,60.00,0,60.00,0
1628,22,1.0,-0.0,-0.0,222.0,0.0,60.00,0,60.00,0
1628,23,1.0,-0.0,-0.0,223.0,0.0,60.00,0,60.00,0
1628,24,1.0,-0.0,0.0,224.0,0.0,60.00,0,60.00,0
1628,25,1.0,-0.0,-0.0,225.0,0.0,60.00,0,60.00,0
1628,26,1.0,-0.0,-0.0,226.0,0.0,60.00,0,60.00,0
1628,27,1.0,-0.0,-0.0,227.0,0.0,60.00,0,60.00,0
1628,28,1.0,-0.0,-0.0,228.0,0.0,60.00,0,60.00,0
1628,29,1.0,-0.0,-0.0,229.0,0.0,60.00,0,60.00,0
1628,30,1.0,-0.0,-0.0,230.0,0.0,60.00,0,60.00,0
1628,31,1.0,-0.0,-0.0,231.0,0.0,60.00,0,60.00,0
1628,32,1.0,-0.0,-0.0,232.0,0.0,60.00,0,60.00,0
1628,33,1.0,-0.0,-0.0,233.0,0.0,60.00,0,60.00,0
1628,34,1.0,-0.0,-0.0,234.0,0.0,60.00,0,60.00,0
1628,35,1.0,-0.0,-0.0,235.0,0.0,60.00,0,60.00,0
1628,36,1.0,-0.0,-0.0,236.0,0.0,60.00,0,60.00,0
1628,37,1.0,-0.0,-0.0,237.0,0.0,60.00,0,60.00,0
1628,38,1.0,-0.0,-0.0,238.0,0.0,60.00,0,60.00,0
1628,39,1.0,-0.0,-0.0,239.0,0.0,21.50,0,21.50,21.50
1628,40,1.0,-0.0,-0.0,240.0,0.0,60.00,0,60.00,0
1628,41,1.0,-0.0,-0.0,241.0,0.0,60.00,0,60.00,60.00
1628,42,1.0,-0.0,-0.0,242.0,0.0,0,0,0,0
1628,43,1.0,-0.0,-0.0,243.0,0.0,60.00,0,60.00,60.00
1628,44,1.0,-0.0,-0.0,244.0,0.0,60.00,0,60.00,0
1628,45,1.0,-0.0,-0.0,245.0,0.0,60.00,0,60.00,0
1628,46,1.0,-0.0,-0.0,246.0,0.0,60.00,0,60.00,0
1628,47,1.0,-0.0,-0.0,247.0,0.0,60.00,0,60.00,0
1628,48,1.0,-0.0,0.0,248.0,0.0,60.00,0,60.00,0
1629,1,1.0,0.0,0.0,201.0,0.0,270.50,0,270.50,14.14
1629,2,1.0,-0.0,-0.0,202.0,0.0,270.50,0,270.50,14.14
1629,3,1.0,-0.0,-0.0,203.0,0.0,270.50,0,270.50,14.14
1629,4,1.0,-0.0,-0.0,204.0,0.0,270.50,0,270.50,14.14
1629,5,1.0,-0.0,-0.0,205.0,0.0,270.50,0,270.50,14.14
1629,6,1.0,-0.0,-0.0,206.0,0.0,270.50,0,270.50,14.14
1629,7,1.0,-0.0,-0.0,207.0,0.0,270.50,0,270.50,14.14
1629,8,1.0,-0.0,-0.0,208.0,0.0,270.50,0,270.50,14.14
1629,9,1.0,-0.0,-0.0,209.0,0.0,270.50,0,270.50,14.14
1629,10,1.0,-0.0,-0.0,210.0,0.0,270.50,0,270.50,14.14
1629,11,1.0,-0.0,-0.0,211.0,0.0,270.50,0,270.50,14.14
1629,12,1.0,-0.0,-0.0,212.0,0.0,270.50,0,270.50,60.45
1629,13,1.0,-0.0,-0.0,213.0,0.0,270.50,0,270.50,90.50
1629,14,1.0,-0.0,-0.0,214.0,0.0,199.86,0,199.86,199.86
1629,15,1.0,-0.0,-0.0,215.0,0.0,232.00,0,232.00,232.00
1629,16,1.0,-0.0,-0.0,216.0,0.0,270.50,0,270.50,270.50
1629,17,1.0,-0.0,-0.0,217.0,0.0,270.50,0,270.50,137.50
1629,18,1.0,-0.0,-0.0,218.0,0.0,270.50,0,270.50,231.50
1629,19,1.0,-0.0,-0.0,219.0,0.0,270.50,0,270.50,184.50
1629,20,1.0,-0.0,-0.0,220.0,0.0,270.50,0,270.50,242.36
1629,21,1.0,-0.0,-0.0,221.0,0.0,270.50,0,270.50,245.00
1629,22,1.0,-0.0,-0.0,222.0,0.0,270.50,0,270.50,192.00
1629,23,1.0,-0.0,-0.0,223.0,0.0,270.50,0,270.50,60.45
1629,24,1.0,-0.0,-0.0,224.0,0.0,270.50,0,270.50,14.14
1629,25,1.0,-0.0,-0.0,225.0,0.0,270.50,0,270.50,14.14
1629,26,1.0,-0.0,-0.0,226.0,0.0,270.50,0,270.50,14.14
1629,27,1.0,-0.0,-0.0,227.0,0.0,270.50,0,270.50,14.14
1629,28,1.0,-0.0,-0.0,228.0,0.0,270.50,0,270.50,14.14
1629,29,1.0,-0.0,-0.0,229.0,0.0,270.50,0,270.50,14.14
1629,30,1.0,-0.0,-0.0,230.0,0.0,270.50,0,270.50,14.14
1629,31,1.0,-0.0,-0.0,231.0,0.0,270.50,0,270.50,14.14
1629,32,1.0,-0.0,-0.0,232.0,0.0,270.50,0,270.50,14.14
1629,33,1.0,-0.0,-0.0,233.0,0.0,270.50,0,270.50,14.14
1629,34,1.0,-0.0,-0.0,234.0,0.0,270.50,0,270.50,14.14
1629,35,1.0,-0.0,-0.0,235.0,0.0,270.50,0,270.50,14.14
1629,36,1.0,-0.0,-0.0,236.0,0.0,270.50,0,270.50,38.95
1629,37,1.0,-0.0,-0.0,237.0,0.0,270.50,0,270.50,0
1629,38,1.0,-0.0,-0.0,238.0,0.0,270.50,0,270.50,137.22
1629,39,1.0,-0.0,-0.0,239.0,0.0,270.50,0,270.50,270.50
1629,40,1.0,-0.0,-0.0,240.0,0.0,270.50,0,270.50,184.50
1629,41,1.0,-0.0,-0.0,241.0,0.0,205.68,0,205.68,205.68
1629,42,1.0,-0.0,-0.0,242.0,0.0,270.50,0,270.50,270.50
1629,43,1.0,-0.0,-0.0,243.0,0.0,147.83,0,147.83,147.83
1629,44,1.0,-0.0,-0.0,244.0,0.0,270.50,0,270.50,193.16
1629,45,1.0,-0.0,-0.0,245.0,0.0,270.50,0,270.50,189.00
1629,46,1.0,-0.0,-0.0,246.0,0.0,270.50,0,270.50,184.50
1629,47,1.0,-0.0,-0.0,247.0,0.0,270.50,0,270.50,0
1629,48,1.0,-0.0,0.0,248.0,0.0,270.50,0,270.50,14.14
1631,1,1.0,0.0,0.0,201.0,0.0,60.50,0,60.50,72.60
1631,2,1.0,-0.0,-0.0,202.0,0.0,60.50,0,60.50,72.60
1631,3,1.0,-0.0,-0.0,203.0,0.0,60.50,0,60.50,72.60
1631,4,1.0,-0.0,-0.0,204.0,0.0,60.50,0,60.50,72.60
1631,5,1.0,-0.0,-0.0,205.0,0.0,60.50,0,60.50,72.60
1631,6,1.0,-0.0,-0.0,206.0,0.0,60.50,0,60.50,72.60
1631,7,1.0,-0.0,-0.0,207.0,0.0,60.50,0,60.50,72.60
1631,8,1.0,-0.0,-0.0,208.0,0.0,60.50,0,60.50,72.60
1631,9,1.0,-0.0,-0.0,209.0,0.0,60.50,0,60.50,72.60
1631,10,1.0,-0.0,-0.0,210.0,0.0,60.50,0,60.50,72.60
1631,11,1.0,-0.0,-0.0,211.0,0.0,60.50,0,60.50,72.60
1631,12,1.0,-0.0,-0.0,212.0,0.0,60.50,0,60.50,60.50
1631,13,1.0,-0.0,-0.0,213.0,0.0,60.50,0,60.50,60.50
1631,14,1.0,-0.0,-0.0,214.0,0.0,0,0,0,0
1631,15,1.0,-0.0,-0.0,215.0,0.0,0,0,0,0
1631,16,1.0,-0.0,-0.0,216.0,0.0,0,0,0,0
1631,17,1.0,-0.0,-0.0,217.0,0.0,60.50,0,60.50,60.50
1631,18,1.0,-0.0,-0.0,218.0,0.0,60.50,0,60.50,60.50
1631,19,1.0,-0.0,-0.0,219.0,0.0,60.50,0,60.50,60.50
1631,20,1.0,-0.0,-0.0,220.0,0.0,2.64,0,2.64,2.64
1631,21,1.0,-0.0,-0.0,221.0,0.0,0,0,0,0
1631,22,1.0,-0.0,-0.0,222.0,0.0,60.50,0,60.50,60.50
1631,23,1.0,-0.0,-0.0,223.0,0.0,60.50,0,60.50,60.50
1631,24,1.0,-0.0,-0.0,224.0,0.0,60.50,0,60.50,72.60
1631,25,1.0,-0.0,-0.0,225.0,0.0,60.50,0,60.50,72.60
1631,26,1.0,-0.0,-0.0,226.0,0.0,60.50,0,60.50,72.60
1631,27,1.0,-0.0,-0.0,227.0,0.0,60.50,0,60.50,72.60
1631,28,1.0,-0.0,-0.0,228.0,0.0,60.50,0,60.50,72.60
1631,29,1.0,-0.0,-0.0,229.0,0.0,60.50,0,60.50,72.60
1631,30,1.0,-0.0,-0.0,230.0,0.0,60.50,0,60.50,72.60
1631,31,1.0,-0.0,-0.0,231.0,0.0,60.50,0,60.50,72.60
1631,32,1.0,-0.0,-0.0,232.0,0.0,60.50,0,60.50,72.60
1631,33,1.0,-0.0,-0.0,233.0,0.0,60.50,0,60.50,72.60
1631,34,1.0,-0.0,-0.0,234.0,0.0,60.50,0,60.50,72.60
1631,35,1.0,-0.0,-0.0,235.0,0.0,60.50,0,60.50,72.60
1631,36,1.0,-0.0,-0.0,236.0,0.0,60.50,0,60.50,72.60
1631,37,1.0,-0.0,-0.0,237.0,0.0,60.50,0,60.50,0
1631,38,1.0,-0.0,-0.0,238.0,0.0,60.50,0,60.50,60.50
1631,39,1.0,-0.0,-0.0,239.0,0.0,0,0,0,0
1631,40,1.0,-0.0,-0.0,240.0,0.0,60.50,0,60.50,60.50
1631,41,1.0,-0.0,-0.0,241.0,0.0,0,0,0,0
1631,42,1.0,-0.0,-0.0,242.0,0.0,0,0,0,0
1631,43,1.0,-0.0,-0.0,243.0,0.0,60.50,0,60.50,60.50
1631,44,1.0,-0.0,-0.0,244.0,0.0,60.50,0,60.50,60.50
1631,45,1.0,-0.0,-0.0,245.0,0.0,60.50,0,60.50,60.50
1631,46,1.0,-0.0,-0.0,246.0,0.0,60.50,0,60.50,60.50
1631,47,1.0,-0.0,-0.0,247.0,0.0,60.50,0,60.50,51.35
1631,48,1.0,-0.0,0.0,248.0,0.0,60.50,0,60.50,72.60
1633,1,1.0,0.0,0.0,201.0,0.0,47.00,0,47.00,56.40
1633,2,1.0,-0.0,-0.0,202.0,0.0,47.00,0,47.00,56.40
1633,3,1.0,-0.0,-0.0,203.0,0.0,47.00,0,47.00,56.40
1633,4,1.0,-0.0,-0.0,204.0,0.0,47.00,0,47.00,56.40
1633,5,1.0,-0.0,-0.0,205.0,0.0,47.00,0,47.00,56.40
1633,6,1.0,-0.0,-0.0,206.0,0.0,47.00,0,47.00,56.40
1633,7,1.0,-0.0,-0.0,207.0,0.0,47.00,0,47.00,56.40
1633,8,1.0,-0.0,-0.0,208.0,0.0,47.00,0,47.00,56.40
1633,9,1.0,-0.0,-0.0,209.0,0.0,47.00,0,47.00,56.40
1633,10,1.0,-0.0,-0.0,210.0,0.0,47.00,0,47.00,56.40
1633,11,1.0,-0.0,-0.0,211.0,0.0,47.00,0,47.00,56.40
1633,12,1.0,-0.0,-0.0,212.0,0.0,47.00,0,47.00,47.00
1633,13,1.0,-0.0,-0.0,213.0,0.0,47.00,0,47.00,47.00
1633,14,1.0,-0.0,-0.0,214.0,0.0,0,0,0,0
1633,15,1.0,-0.0,-0.0,215.0,0.0,0,0,0,0
1633,16,1.0,-0.0,-0.0,216.0,0.0,0,0,0,0
1633,17,1.0,-0.0,-0.0,217.0,0.0,47.00,0,47.00,47.00
1633,18,1.0,-0.0,-0.0,218.0,0.0,0,0,0,0
1633,19,1.0,-0.0,-0.0,219.0,0.0,0,0,0,0
1633,20,1.0,-0.0,-0.0,220.0,0.0,0,0,0,0
1633,21,1.0,-0.0,-0.0,221.0,0.0,47.00,0,47.00,47.00
1633,22,1.0,-0.0,-0.0,222.0,0.0,0,0,0,0
1633,23,1.0,-0.0,-0.0,223.0,0.0,47.00,0,47.00,47.00
1633,24,1.0,-0.0,-0.0,224.0,0.0,47.00,0,47.00,56.40
1633,25,1.0,-0.0,-0.0,225.0,0.0,47.00,0,47.00,56.40
1633,26,1.0,-0.0,-0.0,226.0,0.0,47.00,0,47.00,56.40
1633,27,1.0,-0.0,-0.0,227.0,0.0,47.00,0,47.00,56.40
1633,28,1.0,-0.0,-0.0,228.0,0.0,47.00,0,47.00,56.40
1633,29,1.0,-0.0,-0.0,229.0,0.0,47.00,0,47.00,56.40
1633,30,1.0,-0.0,-0.0,230.0,0.0,47.00,0,47.00,56.40
1633,31,1.0,-0.0,-0.0,231.0,0.0,47.00,0,47.00,56.40
1633,32,1.0,-0.0,-0.0,232.0,0.0,47.00,0,47.00,56.40
1633,33,1.0,-0.0,-0.0,233.0,0.0,47.00,0,47.00,56.40
1633,34,1.0,-0.0,-0.0,234.0,0.0,47.00,0,47.00,56.40
1633,35,1.0,-0.0,-0.0,235.0,0.0,47.00,0,47.00,56.40
1633,36,1.0,-0.0,-0.0,236.0,0.0,47.00,0,47.00,47.00
1633,37,1.0,-0.0,-0.0,237.0,0.0,47.00,0,47.00,0
1633,38,1.0,-0.0,-0.0,238.0,0.0,47.00,0,47.00,47.00
1633,39,1.0,-0.0,-0.0,239.0,0.0,0,0,0,0
1633,40,1.0,-0.0,-0.0,240.0,0.0,47.00,0,47.00,47.00
1633,41,1.0,-0.0,-0.0,241.0,0.0,0,0,0,0
1633,42,1.0,-0.0,-0.0,242.0,0.0,0,0,0,0
1633,43,1.0,-0.0,-0.0,243.0,0.0,0,0,0,0
1633,44,1.0,-0.0,-0.0,244.0,0.0,0,0,0,0
1633,45,1.0,-0.0,-0.0,245.0,0.0,0,0,0,0
1633,46,1.0,-0.0,-0.0,246.0,0.0,47.00,0,47.00,47.00
1633,47,1.0,-0.0,-0.0,247.0,0.0,47.00,0,47.00,47.00
1633,48,1.0,-0.0,0.0,248.0,0.0,47.00,0,47.00,56.40
1634,1,1.0,0.0,0.0,201.0,0.0,47.00,0,47.00,56.40
1634,2,1.0,-0.0,-0.0,202.0,0.0,47.00,0,47.00,56.40
1634,3,1.0,-0.0,-0.0,203.0,0.0,47.00,0,47.00,56.40
1634,4,1.0,-0.0,-0.0,204.0,0.0,47.00,0,47.00,56.40
1634,5,1.0,-0.0,-0.0,205.0,0.0,47.00,0,47.00,56.40
1634,6,1.0,-0.0,-0.0,206.0,0.0,47.00,0,47.00,56.40
1634,7,1.0,-0.0,-0.0,207.0,0.0,47.00,0,47.00,56.40
1634,8,1.0,-0.0,-0.0,208.0,0.0,47.00,0,47.00,56.40
1634,9,1.0,-0.0,-0.0,209.0,0.0,47.00,0,47.00,56.40
1634,10,1.0,-0.0,-0.0,210.0,0.0,47.00,0,47.00,56.40
1634,11,1.0,-0.0,-0.0,211.0,0.0,47.00,0,47.00,56.40
1634,12,1.0,-0.0,-0.0,212.0,0.0,47.00,0,47.00,47.00
1634,13,1.0,-0.0,-0.0,213.0,0.0,47.00,0,47.00,47.00
1634,14,1.0,-0.0,-0.0,214.0,0.0,0,0,0,0
1634,15,1.0,-0.0,-0.0,215.0,0.0,0,0,0,0
1634,16,1.0,-0.0,-0.0,216.0,0.0,0,0,0,0
1634,17,1.0,-0.0,-0.0,217.0,0.0,47.00,0,47.00,47.00
1634,18,1.0,-0.0,-0.0,218.0,0.0,0,0,0,0
1634,19,1.0,-0.0,-0.0,219.0,0.0,47.00,0,47.00,47.00
1634,20,1.0,-0.0,-0.0,220.0,0.0,47.00,0,47.00,47.00
1634,21,1.0,-0.0,-0.0,221.0,0.0,0,0,0,0
1634,22,1.0,-0.0,-0.0,222.0,0.0,39.50,0,39.50,39.50
1634,23,1.0,-0.0,-0.0,223.0,0.0,47.00,0,47.00,47.00
1634,24,1.0,-0.0,-0.0,224.0,0.0,47.00,0,47.00,56.40
1634,25,1.0,-0.0,-0.0,225.0,0.0,47.00,0,47.00,56.40
1634,26,1.0,-0.0,-0.0,226.0,0.0,47.00,0,47.00,56.40
1634,27,1.0,-0.0,-0.0,227.0,0.0,47.00,0,47.00,56.40
1634,28,1.0,-0.0,-0.0,228.0,0.0,47.00,0,47.00,56.40
1634,29,1.0,-0.0,-0.0,229.0,0.0,47.00,0,47.00,56.40
1634,30,1.0,-0.0,-0.0,230.0,0.0,47.00,0,47.00,56.40
1634,31,1.0,-0.0,-0.0,231.0,0.0,47.00,0,47.00,56.40
1634,32,1.0,-0.0,-0.0,232.0,0.0,47.00,0,47.00,56.40
1634,33,1.0,-0.0,-0.0,233.0,0.0,47.00,0,47.00,56.40
1634,34,1.0,-0.0,-0.0,234.0,0.0,47.00,0,47.00,56.40
1634,35,1.0,-0.0,-0.0,235.0,0.0,47.00,0,47.00,56.40
1634,36,1.0,-0.0,-0.0,236.0,0.0,47.00,0,47.00,56.40
1634,37,1.0,-0.0,-0.0,237.0,0.0,47.00,0,47.00,47.00
1634,38,1.0,-0.0,-0.0,238.0,0.0,47.00,0,47.00,47.00
1634,39,1.0,-0.0,-0.0,239.0,0.0,0,0,0,0
1634,40,1.0,-0.0,-0.0,240.0,0.0,0,0,0,0
1634,41,1.0,-0.0,-0.0,241.0,0.0,0,0,0,0
1634,42,1.0,-0.0,-0.0,242.0,0.0,0,0,0,0
1634,43,1.0,-0.0,-0.0,243.0,0.0,0,0,0,0
1634,44,1.0,-0.0,-0.0,244.0,0.0,38.34,0,38.34,38.34
1634,45,1.0,-0.0,-0.0,245.0,0.0,42.50,0,42.50,42.50
1634,46,1.0,-0.0,-0.0,246.0,0.0,0,0,0,0
1634,47,1.0,-0.0,-0.0,247.0,0.0,47.00,0,47.00,47.00
1634,48,1.0,-0.0,0.0,248.0,0.0,47.00,0,47.00,56.40
1635,1,1.0,0.0,0.0,201.0,0.0,47.00,0,47.00,56.40
1635,2,1.0,-0.0,-0.0,202.0,0.0,47.00,0,47.00,56.40
1635,3,1.0,-0.0,-0.0,203.0,0.0,47.00,0,47.00,56.40
1635,4,1.0,-0.0,-0.0,204.0,0.0,47.00,0,47.00,56.40
1635,5,1.0,-0.0,-0.0,205.0,0.0,47.00,0,47.00,56.40
1635,6,1.0,-0.0,-0.0,206.0,0.0,47.00,0,47.00,56.40
1635,7,1.0,-0.0,-0.0,207.0,0.0,47.00,0,47.00,56.40
1635,8,1.0,-0.0,-0.0,208.0,0.0,47.00,0,47.00,56.40
1635,9,1.0,-0.0,-0.0,209.0,0.0,47.00,0,47.00,56.40
1635,10,1.0,-0.0,-0.0,210.0,0.0,47.00,0,47.00,56.40
1635,11,1.0,-0.0,-0.0,211.0,0.0,47.00,0,47.00,56.40
1635,12,1.0,-0.0,-0.0,212.0,0.0,47.00,0,47.00,47.00
1635,13,1.0,-0.0,-0.0,213.0,0.0,47.00,0,47.00,47.00
1635,14,1.0,-0.0,-0.0,214.0,0.0,0,0,0,0
1635,15,1.0,-0.0,-0.0,215.0,0.0,0,0,0,0
1635,16,1.0,-0.0,-0.0,216.0,0.0,0,0,0,0
1635,17,1.0,-0.0,-0.0,217.0,0.0,0,0,0,0
1635,18,1.0,-0.0,-0.0,218.0,0.0,0,0,0,0
1635,19,1.0,-0.0,-0.0,219.0,0.0,0,0,0,0
1635,20,1.0,-0.0,-0.0,220.0,0.0,0,0,0,0
1635,21,1.0,-0.0,-0.0,221.0,0.0,0,0,0,0
1635,22,1.0,-0.0,-0.0,222.0,0.0,0,0,0,0
1635,23,1.0,-0.0,-0.0,223.0,0.0,47.00,0,47.00,47.00
1635,24,1.0,-0.0,-0.0,224.0,0.0,47.00,0,47.00,56.40
1635,25,1.0,-0.0,-0.0,225.0,0.0,47.00,0,47.00,56.40
1635,26,1.0,-0.0,-0.0,226.0,0.0,47.00,0,47.00,56.40
1635,27,1.0,-0.0,-0.0,227.0,0.0,47.00,0,47.00,56.40
1635,28,1.0,-0.0,-0.0,228.0,0.0,47.00,0,47.00,56.40
1635,29,1.0,-0.0,-0.0,229.0,0.0,47.00,0,47.00,56.40
1635,30,1.0,-0.0,-0.0,230.0,0.0,47.00,0,47.00,56.40
1635,31,1.0,-0.0,-0.0,231.0,0.0,47.00,0,47.00,56.40
1635,32,1.0,-0.0,-0.0,232.0,0.0,47.00,0,47.00,56.40
1635,33,1.0,-0.0,-0.0,233.0,0.0,47.00,0,47.00,56.40
1635,34,1.0,-0.0,-0.0,234.0,0.0,47.00,0,47.00,56.40
1635,35,1.0,-0.0,-0.0,235.0,0.0,47.00,0,47.00,56.40
1635,36,1.0,-0.0,-0.0,236.0,0.0,47.00,0,47.00,47.00
1635,37,1.0,-0.0,-0.0,237.0,0.0,47.00,0,47.00,47.00
1635,38,1.0,-0.0,-0.0,238.0,0.0,0.28,0,0.28,0.28
1635,39,1.0,-0.0,-0.0,239.0,0.0,0,0,0,0
1635,40,1.0,-0.0,-0.0,240.0,0.0,0,0,0,0
1635,41,1.0,-0.0,-0.0,241.0,0.0,0,0,0,0
1635,42,1.0,-0.0,-0.0,242.0,0.0,0,0,0,0
1635,43,1.0,-0.0,-0.0,243.0,0.0,0,0,0,0
1635,44,1.0,-0.0,-0.0,244.0,0.0,0,0,0,0
1635,45,1.0,-0.0,-0.0,245.0,0.0,0,0,0,0
1635,46,1.0,-0.0,-0.0,246.0,0.0,0,0,0,0
1635,47,1.0,-0.0,-0.0,247.0,0.0,47.00,0,47.00,47.00
1635,48,1.0,-0.0,0.0,248.0,0.0,47.00,0,47.00,56.40
1849,1,1.0,0.0,0.0,201.0,0.0,0,0,0,0
1849,2,1.0,-0.0,-0.0,202.0,0.0,0,0,0,0
1849,3,1.0,-0.0,-0.0,203.0,0.0,0,0,0,0
1849,4,1.0,-0.0,-0.0,204.0,0.0,0,0,0,0
1849,5,1.0,-0.0,-0.0,205.0,0.0,0,0,0,0
1849,6,1.0,-0.0,-0.0,206.0,0.0,0,0,0,0
1849,7,1.0,-0.0,-0.0,207.0,0.0,0,0,0,0
1849,8,1.0,-0.0,-0.0,208.0,0.0,0,0,0,0
1849,9,1.0,-0.0,-0.0,209.0,0.0,0,0,0,0
1849,10,1.0,-0.0,-0.0,210.0,0.0,0,0,0,0
1849,11,1.0,-0.0,-0.0,211.0,0.0,0,0,0,0
1849,12,1.0,-0.0,-0.0,212.0,0.0,0,0,0,0
1849,13,1.0,-0.0,-0.0,213.0,0.0,0,0,0,0
1849,14,1.0,-0.0,-0.0,214.0,0.0,0,0,0,0
1849,15,1.0,-0.0,-0.0,215.0,0.0,0,0,0,0
1849,16,1.0,-0.0,-0.0,216.0,0.0,0,0,0,0
1849,17,1.0,-0.0,-0.0,217.0,0.0,0,0,0,0
1849,18,1.0,-0.0,-0.0,218.0,0.0,0,0,0,0
1849,19,-0.0,-0.0,1.0,-0.0,1.0,0,0,0,0
1849,20,1.0,1.0,-0.0,1.0,0.0,0,0,0,0
1849,21,1.0,-0.0,-0.0,2.0,0.0,0,0,0,0
1849,22,1.0,-0.0,-0.0,3.0,0.0,0,0,0,0
1849,23,1.0,-0.0,-0.0,4.0,0.0,0,0,0,0
1849,24,1.0,-0.0,-0.0,5.0,0.0,0,0,0,0
1849,25,1.0,-0.0,-0.0,6.0,0.0,0,0,0,0
1849,26,1.0,-0.0,-0.0,7.0,0.0,0,0,0,0
1849,27,1.0,-0.0,-0.0,8.0,0.0,0,0,0,0
1849,28,1.0,-0.0,-0.0,9.0,0.0,0,0,0,0
1849,29,1.0,-0.0,-0.0,10.0,0.0,0,0,0,0
1849,30,1.0,-0.0,-0.0,11.0,0.0,0,0,0,0
1849,31,1.0,-0.0,-0.0,12.0,0.0,0,0,0,0
1849,32,1.0,-0.0,-0.0,13.0,0.0,0,0,0,0
1849,33,1.0,-0.0,-0.0,14.0,0.0,0,0,0,0
1849,34,1.0,-0.0,-0.0,15.0,0.0,0,0,0,0
1849,35,1.0,-0.0,-0.0,16.0,0.0,0,0,0,0
1849,36,1.0,-0.0,-0.0,17.0,0.0,0,0,0,0
1849,37,1.0,-0.0,-0.0,18.0,0.0,0,0,0,0
1849,38,1.0,-0.0,-0.0,19.0,0.0,0,0,0,0
1849,39,1.0,-0.0,-0.0,20.0,0.0,0,0,0,0
1849,40,1.0,-0.0,-0.0,21.0,0.0,0,0,0,0
1849,41,1.0,-0.0,-0.0,22.0,0.0,0,0,0,0
1849,42,1.0,-0.0,-0.0,23.0,0.0,0,0,0,0
1849,43,1.0,-0.0,-0.0,24.0,0.0,0,0,0,0
1849,44,1.0,-0.0,-0.0,25.0,0.0,0,0,0,0
1849,45,1.0,-0.0,-0.0,26.0,0.0,0,0,0,0
1849,46,1.0,-0.0,-0.0,27.0,0.0,0,0,0,0
1849,47,1.0,-0.0,-0.0,28.0,0.0,0,0,0,0
1849,48,1.0,-0.0,-0.0,29.0,0.0,0,0,0,0
