Gen_Index,timepoint,Committed,Started,Shut,TimeOn,TimeOff,Held as Reserves (MW)
1,1,1.0,0.0,0.0,201.0,0.0,8.05
1,2,1.0,-0.0,-0.0,202.0,0.0,8.05
1,3,1.0,-0.0,-0.0,203.0,0.0,8.05
1,4,1.0,-0.0,-0.0,204.0,0.0,8.05
1,5,1.0,-0.0,-0.0,205.0,0.0,8.05
1,6,1.0,-0.0,-0.0,206.0,0.0,8.05
1,7,1.0,-0.0,-0.0,207.0,0.0,8.05
1,8,1.0,-0.0,-0.0,208.0,0.0,8.05
1,9,1.0,-0.0,-0.0,209.0,0.0,8.05
1,10,1.0,-0.0,-0.0,210.0,0.0,8.05
1,11,1.0,-0.0,-0.0,211.0,0.0,8.05
1,12,1.0,-0.0,-0.0,212.0,0.0,0
1,13,1.0,-0.0,-0.0,213.0,0.0,0
1,14,1.0,-0.0,-0.0,214.0,0.0,0
1,15,1.0,-0.0,-0.0,215.0,0.0,0
1,16,1.0,-0.0,-0.0,216.0,0.0,0
1,17,1.0,-0.0,-0.0,217.0,0.0,0
1,18,1.0,-0.0,-0.0,218.0,0.0,0
1,19,1.0,-0.0,-0.0,219.0,0.0,0
1,20,1.0,-0.0,-0.0,220.0,0.0,0
1,21,1.0,-0.0,-0.0,221.0,0.0,0
1,22,1.0,-0.0,-0.0,222.0,0.0,0
1,23,1.0,-0.0,-0.0,223.0,0.0,0
1,24,1.0,-0.0,-0.0,224.0,0.0,8.05
1,25,1.0,-0.0,0.0,225.0,0.0,8.05
1,26,1.0,-0.0,-0.0,226.0,0.0,8.05
1,27,1.0,-0.0,-0.0,227.0,0.0,8.05
1,28,1.0,-0.0,-0.0,228.0,0.0,8.05
1,29,1.0,-0.0,-0.0,229.0,0.0,8.05
1,30,1.0,-0.0,-0.0,230.0,0.0,8.05
1,31,1.0,-0.0,-0.0,231.0,0.0,8.05
1,32,1.0,-0.0,-0.0,232.0,0.0,8.05
1,33,1.0,-0.0,-0.0,233.0,0.0,8.05
1,34,1.0,-0.0,-0.0,234.0,0.0,8.05
1,35,1.0,-0.0,-0.0,235.0,0.0,8.05
1,36,1.0,-0.0,-0.0,236.0,0.0,8.05
1,37,1.0,-0.0,-0.0,237.0,0.0,0
1,38,1.0,-0.0,-0.0,238.0,0.0,0
1,39,1.0,-0.0,-0.0,239.0,0.0,0
1,40,1.0,-0.0,0.0,240.0,0.0,0
1,41,1.0,-0.0,-0.0,241.0,0.0,0
1,42,1.0,-0.0,0.0,242.0,0.0,0
1,43,1.0,-0.0,-0.0,243.0,0.0,0
1,44,1.0,-0.0,-0.0,244.0,0.0,0
1,45,1.0,-0.0,-0.0,245.0,0.0,0
1,46,1.0,-0.0,-0.0,246.0,0.0,0
1,47,1.0,-0.0,-0.0,247.0,0.0,0
1,48,1.0,-0.0,-0.0,248.0,0.0,6.50
2,1,1.0,0.0,0.0,201.0,0.0,22.00
2,2,1.0,-0.0,-0.0,202.0,0.0,22.00
2,3,1.0,-0.0,-0.0,203.0,0.0,22.00
2,4,1.0,-0.0,-0.0,204.0,0.0,22.00
2,5,1.0,-0.0,-0.0,205.0,0.0,22.00
2,6,1.0,-0.0,-0.0,206.0,0.0,22.00
2,7,1.0,-0.0,-0.0,207.0,0.0,22.00
2,8,1.0,-0.0,-0.0,208.0,0.0,22.00
2,9,1.0,-0.0,-0.0,209.0,0.0,22.00
2,10,1.0,-0.0,-0.0,210.0,0.0,22.00
2,11,1.0,-0.0,-0.0,211.0,0.0,22.00
2,12,1.0,-0.0,-0.0,212.0,0.0,0
2,13,1.0,-0.0,-0.0,213.0,0.0,0
2,14,1.0,-0.0,-0.0,214.0,0.0,0
2,15,1.0,-0.0,-0.0,215.0,0.0,0
2,16,1.0,-0.0,-0.0,216.0,0.0,0
2,17,1.0,-0.0,-0.0,217.0,0.0,0
2,18,1.0,-0.0,-0.0,218.0,0.0,0
2,19,1.0,-0.0,-0.0,219.0,0.0,0
2,20,1.0,-0.0,-0.0,220.0,0.0,0
2,21,1.0,-0.0,-0.0,221.0,0.0,0
2,22,1.0,-0.0,-0.0,222.0,0.0,0
2,23,1.0,-0.0,-0.0,223.0,0.0,0
2,24,1.0,-0.0,-0.0,224.0,0.0,22.00
2,25,1.0,-0.0,-0.0,225.0,0.0,22.00
2,26,1.0,-0.0,-0.0,226.0,0.0,22.00
2,27,1.0,-0.0,-0.0,227.0,0.0,22.00
2,28,1.0,-0.0,-0.0,228.0,0.0,22.00
2,29,1.0,-0.0,-0.0,229.0,0.0,22.00
2,30,1.0,-0.0,-0.0,230.0,0.0,22.00
2,31,1.0,-0.0,-0.0,231.0,0.0,22.00
2,32,1.0,-0.0,-0.0,232.0,0.0,22.00
2,33,1.0,-0.0,-0.0,233.0,0.0,22.00
2,34,1.0,-0.0,-0.0,234.0,0.0,22.00
2,35,1.0,-0.0,-0.0,235.0,0.0,22.00
2,36,1.0,-0.0,-0.0,236.0,0.0,22.00
2,37,1.0,-0.0,-0.0,237.0,0.0,0
2,38,1.0,-0.0,-0.0,238.0,0.0,0
2,39,1.0,-0.0,-0.0,239.0,0.0,0
2,40,1.0,-0.0,-0.0,240.0,0.0,0
2,41,1.0,-0.0,-0.0,241.0,0.0,0
2,42,1.0,-0.0,-0.0,242.0,0.0,0
2,43,1.0,-0.0,-0.0,243.0,0.0,0
2,44,1.0,-0.0,-0.0,244.0,0.0,0
2,45,1.0,-0.0,-0.0,245.0,0.0,0
2,46,1.0,-0.0,-0.0,246.0,0.0,0
2,47,1.0,-0.0,-0.0,247.0,0.0,0
2,48,1.0,-0.0,-0.0,248.0,0.0,22.00
3,1,1.0,0.0,0.0,201.0,0.0,22.00
3,2,1.0,-0.0,-0.0,202.0,0.0,22.00
3,3,1.0,-0.0,-0.0,203.0,0.0,22.00
3,4,1.0,-0.0,-0.0,204.0,0.0,22.00
3,5,1.0,-0.0,-0.0,205.0,0.0,22.00
3,6,1.0,-0.0,-0.0,206.0,0.0,22.00
3,7,1.0,-0.0,-0.0,207.0,0.0,22.00
3,8,1.0,-0.0,-0.0,208.0,0.0,22.00
3,9,1.0,-0.0,-0.0,209.0,0.0,22.00
3,10,1.0,-0.0,-0.0,210.0,0.0,22.00
3,11,1.0,-0.0,-0.0,211.0,0.0,22.00
3,12,1.0,-0.0,-0.0,212.0,0.0,0
3,13,1.0,-0.0,-0.0,213.0,0.0,0
3,14,1.0,-0.0,-0.0,214.0,0.0,0
3,15,1.0,-0.0,-0.0,215.0,0.0,0
3,16,1.0,-0.0,-0.0,216.0,0.0,0
3,17,1.0,-0.0,-0.0,217.0,0.0,0
3,18,1.0,-0.0,-0.0,218.0,0.0,0
3,19,1.0,-0.0,-0.0,219.0,0.0,0
3,20,1.0,-0.0,-0.0,220.0,0.0,0
3,21,1.0,-0.0,-0.0,221.0,0.0,0
3,22,1.0,-0.0,-0.0,222.0,0.0,0
3,23,1.0,-0.0,-0.0,223.0,0.0,0
3,24,1.0,-0.0,-0.0,224.0,0.0,22.00
3,25,1.0,-0.0,0.0,225.0,0.0,22.00
3,26,1.0,-0.0,-0.0,226.0,0.0,22.00
3,27,1.0,-0.0,-0.0,227.0,0.0,22.00
3,28,1.0,-0.0,-0.0,228.0,0.0,22.00
3,29,1.0,-0.0,-0.0,229.0,0.0,22.00
3,30,1.0,-0.0,-0.0,230.0,0.0,22.00
3,31,1.0,-0.0,-0.0,231.0,0.0,22.00
3,32,1.0,-0.0,-0.0,232.0,0.0,0
3,33,1.0,-0.0,-0.0,233.0,0.0,22.00
3,34,1.0,-0.0,-0.0,234.0,0.0,22.00
3,35,1.0,-0.0,-0.0,235.0,0.0,22.00
3,36,1.0,-0.0,-0.0,236.0,0.0,22.00
3,37,1.0,-0.0,-0.0,237.0,0.0,0
3,38,1.0,-0.0,-0.0,238.0,0.0,0
3,39,1.0,-0.0,-0.0,239.0,0.0,0
3,40,1.0,-0.0,0.0,240.0,0.0,0
3,41,1.0,-0.0,-0.0,241.0,0.0,0
3,42,1.0,-0.0,0.0,242.0,0.0,0
3,43,1.0,-0.0,-0.0,243.0,0.0,0
3,44,1.0,-0.0,-0.0,244.0,0.0,0
3,45,1.0,-0.0,-0.0,245.0,0.0,0
3,46,1.0,-0.0,-0.0,246.0,0.0,0
3,47,1.0,-0.0,-0.0,247.0,0.0,0
3,48,1.0,-0.0,-0.0,248.0,0.0,0
4,1,1.0,0.0,0.0,201.0,0.0,109.50
4,2,1.0,-0.0,-0.0,202.0,0.0,109.50
4,3,1.0,-0.0,-0.0,203.0,0.0,109.50
4,4,1.0,-0.0,-0.0,204.0,0.0,109.50
4,5,1.0,-0.0,-0.0,205.0,0.0,109.50
4,6,1.0,-0.0,-0.0,206.0,0.0,109.50
4,7,1.0,-0.0,-0.0,207.0,0.0,109.50
4,8,1.0,-0.0,-0.0,208.0,0.0,109.50
4,9,1.0,-0.0,-0.0,209.0,0.0,109.50
4,10,1.0,-0.0,-0.0,210.0,0.0,109.50
4,11,1.0,-0.0,-0.0,211.0,0.0,86.07
4,12,1.0,-0.0,-0.0,212.0,0.0,0
4,13,1.0,-0.0,-0.0,213.0,0.0,0
4,14,1.0,-0.0,-0.0,214.0,0.0,0
4,15,1.0,-0.0,-0.0,215.0,0.0,0
4,16,1.0,-0.0,-0.0,216.0,0.0,0
4,17,1.0,-0.0,-0.0,217.0,0.0,0
4,18,1.0,-0.0,-0.0,218.0,0.0,0
4,19,1.0,-0.0,-0.0,219.0,0.0,0
4,20,1.0,-0.0,-0.0,220.0,0.0,0
4,21,1.0,-0.0,-0.0,221.0,0.0,0
4,22,1.0,-0.0,-0.0,222.0,0.0,0
4,23,1.0,-0.0,-0.0,223.0,0.0,0
4,24,1.0,-0.0,-0.0,224.0,0.0,109.50
4,25,1.0,-0.0,-0.0,225.0,0.0,109.50
4,26,1.0,-0.0,-0.0,226.0,0.0,109.50
4,27,1.0,-0.0,-0.0,227.0,0.0,109.50
4,28,1.0,-0.0,-0.0,228.0,0.0,109.50
4,29,1.0,-0.0,-0.0,229.0,0.0,109.50
4,30,1.0,-0.0,-0.0,230.0,0.0,35.90
4,31,1.0,-0.0,-0.0,231.0,0.0,109.50
4,32,1.0,-0.0,-0.0,232.0,0.0,109.50
4,33,1.0,-0.0,-0.0,233.0,0.0,109.50
4,34,1.0,-0.0,-0.0,234.0,0.0,109.50
4,35,1.0,-0.0,-0.0,235.0,0.0,109.50
4,36,1.0,-0.0,-0.0,236.0,0.0,36.24
4,37,1.0,-0.0,-0.0,237.0,0.0,0
4,38,1.0,-0.0,-0.0,238.0,0.0,0
4,39,1.0,-0.0,-0.0,239.0,0.0,0
4,40,1.0,-0.0,-0.0,240.0,0.0,0
4,41,1.0,-0.0,-0.0,241.0,0.0,0
4,42,1.0,-0.0,-0.0,242.0,0.0,0
4,43,1.0,-0.0,-0.0,243.0,0.0,0
4,44,1.0,-0.0,-0.0,244.0,0.0,0
4,45,1.0,-0.0,-0.0,245.0,0.0,0
4,46,1.0,-0.0,-0.0,246.0,0.0,0
4,47,1.0,-0.0,0.0,247.0,0.0,0
4,48,1.0,-0.0,-0.0,248.0,0.0,0
8,1,1.0,0.0,0.0,201.0,0.0,58.00
8,2,1.0,-0.0,-0.0,202.0,0.0,58.00
8,3,1.0,-0.0,-0.0,203.0,0.0,58.00
8,4,1.0,-0.0,-0.0,204.0,0.0,58.00
8,5,1.0,-0.0,-0.0,205.0,0.0,58.00
8,6,1.0,-0.0,-0.0,206.0,0.0,58.00
8,7,1.0,-0.0,-0.0,207.0,0.0,58.00
8,8,1.0,-0.0,-0.0,208.0,0.0,58.00
8,9,1.0,-0.0,-0.0,209.0,0.0,58.00
8,10,1.0,-0.0,-0.0,210.0,0.0,58.00
8,11,1.0,-0.0,-0.0,211.0,0.0,58.00
8,12,1.0,-0.0,-0.0,212.0,0.0,58.00
8,13,1.0,-0.0,-0.0,213.0,0.0,58.00
8,14,1.0,-0.0,-0.0,214.0,0.0,58.00
8,15,1.0,-0.0,-0.0,215.0,0.0,58.00
8,16,1.0,-0.0,0.0,216.0,0.0,58.00
8,17,1.0,-0.0,0.0,217.0,0.0,58.00
8,18,1.0,-0.0,-0.0,218.0,0.0,58.00
8,19,1.0,-0.0,-0.0,219.0,0.0,58.00
8,20,1.0,-0.0,0.0,220.0,0.0,58.00
8,21,1.0,-0.0,-0.0,221.0,0.0,58.00
8,22,1.0,-0.0,-0.0,222.0,0.0,58.00
8,23,1.0,-0.0,-0.0,223.0,0.0,58.00
8,24,1.0,-0.0,-0.0,224.0,0.0,58.00
8,25,1.0,-0.0,-0.0,225.0,0.0,58.00
8,26,1.0,-0.0,-0.0,226.0,0.0,58.00
8,27,1.0,-0.0,-0.0,227.0,0.0,58.00
8,28,1.0,-0.0,-0.0,228.0,0.0,58.00
8,29,1.0,-0.0,-0.0,229.0,0.0,58.00
8,30,1.0,-0.0,-0.0,230.0,0.0,58.00
8,31,1.0,-0.0,-0.0,231.0,0.0,58.00
8,32,1.0,-0.0,-0.0,232.0,0.0,58.00
8,33,1.0,-0.0,-0.0,233.0,0.0,58.00
8,34,1.0,-0.0,-0.0,234.0,0.0,58.00
8,35,1.0,-0.0,-0.0,235.0,0.0,58.00
8,36,1.0,-0.0,-0.0,236.0,0.0,58.00
8,37,1.0,-0.0,-0.0,237.0,0.0,58.00
8,38,1.0,-0.0,-0.0,238.0,0.0,58.00
8,39,1.0,-0.0,-0.0,239.0,0.0,58.00
8,40,1.0,-0.0,-0.0,240.0,0.0,58.00
8,41,1.0,-0.0,-0.0,241.0,0.0,58.00
8,42,1.0,-0.0,-0.0,242.0,0.0,58.00
8,43,1.0,-0.0,-0.0,243.0,0.0,58.00
8,44,1.0,-0.0,-0.0,244.0,0.0,58.00
8,45,1.0,-0.0,0.0,245.0,0.0,58.00
8,46,1.0,-0.0,-0.0,246.0,0.0,58.00
8,47,1.0,-0.0,-0.0,247.0,0.0,58.00
8,48,-0.0,-0.0,1.0,-0.0,1.0,0
9,1,1.0,0.0,0.0,201.0,0.0,39.50
9,2,1.0,-0.0,-0.0,202.0,0.0,39.50
9,3,1.0,-0.0,-0.0,203.0,0.0,39.50
9,4,1.0,-0.0,-0.0,204.0,0.0,39.50
9,5,1.0,-0.0,-0.0,205.0,0.0,39.50
9,6,1.0,-0.0,-0.0,206.0,0.0,39.50
9,7,1.0,-0.0,-0.0,207.0,0.0,39.50
9,8,1.0,-0.0,-0.0,208.0,0.0,39.50
9,9,1.0,-0.0,-0.0,209.0,0.0,39.50
9,10,1.0,-0.0,-0.0,210.0,0.0,39.50
9,11,1.0,-0.0,-0.0,211.0,0.0,39.50
9,12,1.0,-0.0,-0.0,212.0,0.0,0
9,13,1.0,-0.0,-0.0,213.0,0.0,0
9,14,1.0,-0.0,-0.0,214.0,0.0,0
9,15,1.0,-0.0,-0.0,215.0,0.0,0
9,16,1.0,-0.0,-0.0,216.0,0.0,0
9,17,1.0,-0.0,-0.0,217.0,0.0,0
9,18,1.0,-0.0,-0.0,218.0,0.0,0
9,19,1.0,-0.0,-0.0,219.0,0.0,0
9,20,1.0,-0.0,-0.0,220.0,0.0,0
9,21,1.0,-0.0,-0.0,221.0,0.0,0
9,22,1.0,-0.0,-0.0,222.0,0.0,0
9,23,1.0,-0.0,-0.0,223.0,0.0,0
9,24,1.0,-0.0,-0.0,224.0,0.0,39.50
9,25,1.0,-0.0,-0.0,225.0,0.0,39.50
9,26,1.0,-0.0,-0.0,226.0,0.0,39.50
9,27,1.0,-0.0,-0.0,227.0,0.0,39.50
9,28,1.0,-0.0,-0.0,228.0,0.0,39.50
9,29,1.0,-0.0,-0.0,229.0,0.0,39.50
9,30,1.0,-0.0,-0.0,230.0,0.0,39.50
9,31,1.0,-0.0,-0.0,231.0,0.0,39.50
9,32,1.0,-0.0,-0.0,232.0,0.0,39.50
9,33,1.0,-0.0,-0.0,233.0,0.0,39.50
9,34,1.0,-0.0,-0.0,234.0,0.0,39.50
9,35,1.0,-0.0,-0.0,235.0,0.0,39.50
9,36,1.0,-0.0,-0.0,236.0,0.0,39.50
9,37,1.0,-0.0,-0.0,237.0,0.0,0
9,38,1.0,-0.0,-0.0,238.0,0.0,0
9,39,1.0,-0.0,-0.0,239.0,0.0,0
9,40,1.0,-0.0,-0.0,240.0,0.0,0
9,41,1.0,-0.0,-0.0,241.0,0.0,0
9,42,1.0,-0.0,-0.0,242.0,0.0,0
9,43,1.0,-0.0,-0.0,243.0,0.0,0
9,44,1.0,-0.0,-0.0,244.0,0.0,0
9,45,1.0,-0.0,-0.0,245.0,0.0,0
9,46,1.0,-0.0,-0.0,246.0,0.0,0
9,47,1.0,-0.0,-0.0,247.0,0.0,0
9,48,1.0,-0.0,-0.0,248.0,0.0,39.50
10,1,1.0,0.0,0.0,201.0,0.0,0
10,2,1.0,-0.0,-0.0,202.0,0.0,0
10,3,1.0,-0.0,-0.0,203.0,0.0,0
10,4,1.0,-0.0,-0.0,204.0,0.0,0
10,5,1.0,-0.0,-0.0,205.0,0.0,0
10,6,1.0,-0.0,-0.0,206.0,0.0,0
10,7,1.0,-0.0,-0.0,207.0,0.0,0
10,8,1.0,-0.0,-0.0,208.0,0.0,0
10,9,1.0,-0.0,-0.0,209.0,0.0,0
10,10,1.0,-0.0,-0.0,210.0,0.0,0
10,11,1.0,-0.0,-0.0,211.0,0.0,0
10,12,1.0,-0.0,-0.0,212.0,0.0,0
10,13,1.0,-0.0,-0.0,213.0,0.0,0
10,14,1.0,-0.0,-0.0,214.0,0.0,0
10,15,1.0,-0.0,-0.0,215.0,0.0,0
10,16,1.0,-0.0,-0.0,216.0,0.0,0
10,17,1.0,-0.0,-0.0,217.0,0.0,0
10,18,1.0,-0.0,-0.0,218.0,0.0,0
10,19,1.0,-0.0,-0.0,219.0,0.0,0
10,20,1.0,-0.0,-0.0,220.0,0.0,0
10,21,1.0,-0.0,-0.0,221.0,0.0,0
10,22,1.0,-0.0,-0.0,222.0,0.0,0
10,23,1.0,-0.0,-0.0,223.0,0.0,0
10,24,1.0,-0.0,-0.0,224.0,0.0,0
10,25,1.0,-0.0,-0.0,225.0,0.0,5.50
10,26,1.0,-0.0,-0.0,226.0,0.0,5.50
10,27,1.0,-0.0,0.0,227.0,0.0,1.10
10,28,1.0,-0.0,-0.0,228.0,0.0,0
10,29,1.0,-0.0,-0.0,229.0,0.0,5.50
10,30,1.0,-0.0,-0.0,230.0,0.0,0
10,31,1.0,-0.0,-0.0,231.0,0.0,0
10,32,1.0,-0.0,-0.0,232.0,0.0,0
10,33,1.0,-0.0,-0.0,233.0,0.0,0
10,34,1.0,-0.0,0.0,234.0,0.0,5.50
10,35,1.0,-0.0,-0.0,235.0,0.0,5.50
10,36,1.0,-0.0,-0.0,236.0,0.0,0
10,37,1.0,-0.0,-0.0,237.0,0.0,0
10,38,1.0,-0.0,0.0,238.0,0.0,0
10,39,1.0,-0.0,0.0,239.0,0.0,0
10,40,1.0,-0.0,0.0,240.0,0.0,0
10,41,1.0,-0.0,-0.0,241.0,0.0,0
10,42,1.0,-0.0,0.0,242.0,0.0,0
10,43,1.0,-0.0,-0.0,243.0,0.0,0
10,44,1.0,-0.0,-0.0,244.0,0.0,0
10,45,1.0,-0.0,-0.0,245.0,0.0,0
10,46,1.0,-0.0,-0.0,246.0,0.0,0
10,47,1.0,-0.0,-0.0,247.0,0.0,0
10,48,1.0,-0.0,-0.0,248.0,0.0,0
12,1,-0.0,0.0,1.0,-0.0,1.0,0
12,2,-0.0,-0.0,-0.0,-0.0,2.0,0
12,3,-0.0,-0.0,-0.0,-0.0,3.0,0
12,4,-0.0,-0.0,-0.0,-0.0,4.0,0
12,5,-0.0,-0.0,-0.0,-0.0,5.0,0
12,6,-0.0,-0.0,-0.0,-0.0,6.0,0
12,7,-0.0,-0.0,-0.0,-0.0,7.0,0
12,8,-0.0,-0.0,-0.0,-0.0,8.0,0
12,9,0.0,-0.0,-0.0,0.0,9.0,0
12,10,-0.0,-0.0,-0.0,0.0,10.0,0
12,11,-0.0,-0.0,-0.0,0.0,11.0,0
12,12,-0.0,-0.0,-0.0,0.0,12.0,0
12,13,0.0,-0.0,0.0,0.0,13.0,0
12,14,0.0,-0.0,-0.0,0.0,14.0,0
12,15,0.0,-0.0,-0.0,0.0,15.0,0
12,16,-0.0,-0.0,-0.0,0.0,16.0,0
12,17,0.0,-0.0,-0.0,0.0,17.0,0
12,18,0.0,-0.0,-0.0,0.0,18.0,0
12,19,0.0,-0.0,0.0,0.0,19.0,0
12,20,0.0,-0.0,-0.0,0.0,20.0,0
12,21,0.0,-0.0,0.0,0.0,21.0,0
12,22,0.0,-0.0,0.0,0.0,22.0,0
12,23,-0.0,-0.0,0.0,0.0,23.0,0
12,24,-0.0,-0.0,-0.0,0.0,24.0,0
12,25,-0.0,-0.0,-0.0,0.0,25.0,0
12,26,-0.0,-0.0,-0.0,0.0,26.0,0
12,27,-0.0,-0.0,-0.0,0.0,27.0,0
12,28,-0.0,-0.0,-0.0,0.0,28.0,0
12,29,0.0,-0.0,-0.0,0.0,29.0,0
12,30,0.0,-0.0,-0.0,0.0,30.0,0
12,31,-0.0,-0.0,0.0,0.0,31.0,0
12,32,0.0,-0.0,-0.0,0.0,32.0,0
12,33,0.0,-0.0,-0.0,0.0,33.0,0
12,34,0.0,-0.0,-0.0,0.0,34.0,0
12,35,0.0,-0.0,-0.0,0.0,35.0,0
12,36,0.0,-0.0,-0.0,0.0,36.0,0
12,37,0.0,-0.0,-0.0,0.0,37.0,0
12,38,0.0,-0.0,-0.0,0.0,38.0,0
12,39,0.0,-0.0,-0.0,0.0,39.0,0
12,40,0.0,-0.0,-0.0,0.0,40.0,0
12,41,0.0,-0.0,-0.0,0.0,41.0,0
12,42,0.0,0.0,-0.0,0.0,42.0,0
12,43,0.0,-0.0,0.0,0.0,43.0,0
12,44,0.0,-0.0,-0.0,0.0,44.0,0
12,45,0.0,-0.0,-0.0,0.0,45.0,0
12,46,0.0,-0.0,0.0,0.0,46.0,0
12,47,-0.0,-0.0,0.0,0.0,47.0,0
12,48,0.0,-0.0,-0.0,0.0,48.0,0
13,1,1.0,0.0,0.0,201.0,0.0,55.00
13,2,1.0,-0.0,-0.0,202.0,0.0,55.00
13,3,1.0,-0.0,-0.0,203.0,0.0,55.00
13,4,1.0,-0.0,-0.0,204.0,0.0,55.00
13,5,1.0,-0.0,-0.0,205.0,0.0,55.00
13,6,1.0,-0.0,-0.0,206.0,0.0,55.00
13,7,1.0,-0.0,-0.0,207.0,0.0,55.00
13,8,1.0,-0.0,-0.0,208.0,0.0,55.00
13,9,1.0,-0.0,-0.0,209.0,0.0,55.00
13,10,1.0,-0.0,-0.0,210.0,0.0,55.00
13,11,1.0,-0.0,-0.0,211.0,0.0,0
13,12,1.0,-0.0,-0.0,212.0,0.0,0
13,13,1.0,-0.0,-0.0,213.0,0.0,0
13,14,1.0,-0.0,-0.0,214.0,0.0,0
13,15,1.0,-0.0,-0.0,215.0,0.0,0
13,16,1.0,-0.0,-0.0,216.0,0.0,0
13,17,1.0,-0.0,-0.0,217.0,0.0,0
13,18,1.0,-0.0,-0.0,218.0,0.0,0
13,19,1.0,-0.0,-0.0,219.0,0.0,0
13,20,1.0,-0.0,-0.0,220.0,0.0,0
13,21,1.0,-0.0,-0.0,221.0,0.0,0
13,22,1.0,-0.0,-0.0,222.0,0.0,0
13,23,1.0,-0.0,-0.0,223.0,0.0,0
13,24,1.0,-0.0,-0.0,224.0,0.0,2.07
13,25,1.0,-0.0,-0.0,225.0,0.0,55.00
13,26,1.0,-0.0,-0.0,226.0,0.0,55.00
13,27,1.0,-0.0,-0.0,227.0,0.0,55.00
13,28,1.0,-0.0,-0.0,228.0,0.0,55.00
13,29,1.0,-0.0,-0.0,229.0,0.0,55.00
13,30,1.0,-0.0,-0.0,230.0,0.0,11.00
13,31,1.0,-0.0,-0.0,231.0,0.0,55.00
13,32,1.0,-0.0,-0.0,232.0,0.0,55.00
13,33,1.0,-0.0,-0.0,233.0,0.0,55.00
13,34,1.0,-0.0,-0.0,234.0,0.0,55.00
13,35,1.0,-0.0,-0.0,235.0,0.0,55.00
13,36,1.0,-0.0,-0.0,236.0,0.0,0
13,37,1.0,-0.0,-0.0,237.0,0.0,0
13,38,1.0,-0.0,-0.0,238.0,0.0,0
13,39,1.0,-0.0,-0.0,239.0,0.0,0
13,40,1.0,-0.0,-0.0,240.0,0.0,0
13,41,1.0,-0.0,-0.0,241.0,0.0,0
13,42,1.0,-0.0,-0.0,242.0,0.0,0
13,43,1.0,-0.0,-0.0,243.0,0.0,0
13,44,1.0,-0.0,-0.0,244.0,0.0,0
13,45,1.0,-0.0,-0.0,245.0,0.0,0
13,46,1.0,-0.0,-0.0,246.0,0.0,0
13,47,1.0,-0.0,0.0,247.0,0.0,0
13,48,1.0,-0.0,-0.0,248.0,0.0,0
14,1,1.0,0.0,0.0,201.0,0.0,40.00
14,2,1.0,-0.0,-0.0,202.0,0.0,40.00
14,3,1.0,-0.0,-0.0,203.0,0.0,40.00
14,4,1.0,-0.0,-0.0,204.0,0.0,40.00
14,5,1.0,-0.0,-0.0,205.0,0.0,40.00
14,6,1.0,-0.0,-0.0,206.0,0.0,40.00
14,7,1.0,-0.0,-0.0,207.0,0.0,40.00
14,8,1.0,-0.0,-0.0,208.0,0.0,40.00
14,9,1.0,-0.0,-0.0,209.0,0.0,40.00
14,10,1.0,-0.0,-0.0,210.0,0.0,40.00
14,11,1.0,-0.0,-0.0,211.0,0.0,40.00
14,12,1.0,-0.0,-0.0,212.0,0.0,8.00
14,13,1.0,-0.0,-0.0,213.0,0.0,0
14,14,1.0,-0.0,-0.0,214.0,0.0,0
14,15,1.0,-0.0,-0.0,215.0,0.0,0
14,16,1.0,-0.0,-0.0,216.0,0.0,0
14,17,1.0,-0.0,-0.0,217.0,0.0,0
14,18,1.0,-0.0,-0.0,218.0,0.0,0
14,19,1.0,-0.0,-0.0,219.0,0.0,0
14,20,1.0,-0.0,-0.0,220.0,0.0,0
14,21,1.0,-0.0,-0.0,221.0,0.0,0
14,22,1.0,-0.0,-0.0,222.0,0.0,0
14,23,1.0,-0.0,-0.0,223.0,0.0,8.00
14,24,1.0,-0.0,0.0,224.0,0.0,40.00
14,25,1.0,-0.0,-0.0,225.0,0.0,40.00
14,26,1.0,-0.0,-0.0,226.0,0.0,40.00
14,27,1.0,-0.0,-0.0,227.0,0.0,40.00
14,28,1.0,-0.0,-0.0,228.0,0.0,40.00
14,29,1.0,-0.0,-0.0,229.0,0.0,40.00
14,30,1.0,-0.0,-0.0,230.0,0.0,40.00
14,31,1.0,-0.0,-0.0,231.0,0.0,40.00
14,32,1.0,-0.0,-0.0,232.0,0.0,40.00
14,33,1.0,-0.0,-0.0,233.0,0.0,40.00
14,34,1.0,-0.0,-0.0,234.0,0.0,40.00
14,35,1.0,-0.0,-0.0,235.0,0.0,40.00
14,36,1.0,-0.0,-0.0,236.0,0.0,40.00
14,37,1.0,-0.0,-0.0,237.0,0.0,8.00
14,38,1.0,-0.0,-0.0,238.0,0.0,0
14,39,1.0,-0.0,-0.0,239.0,0.0,0
14,40,1.0,-0.0,0.0,240.0,0.0,0
14,41,1.0,-0.0,0.0,241.0,0.0,0
14,42,1.0,-0.0,0.0,242.0,0.0,0
14,43,1.0,-0.0,-0.0,243.0,0.0,0
14,44,1.0,-0.0,-0.0,244.0,0.0,0
14,45,1.0,-0.0,-0.0,245.0,0.0,0
14,46,1.0,-0.0,-0.0,246.0,0.0,0
14,47,1.0,-0.0,-0.0,247.0,0.0,0
14,48,1.0,-0.0,0.0,248.0,0.0,40.00
15,1,1.0,0.0,0.0,201.0,0.0,0
15,2,1.0,-0.0,-0.0,202.0,0.0,0
15,3,1.0,-0.0,-0.0,203.0,0.0,0
15,4,1.0,-0.0,-0.0,204.0,0.0,0
15,5,1.0,-0.0,-0.0,205.0,0.0,0
15,6,1.0,-0.0,-0.0,206.0,0.0,0
15,7,1.0,-0.0,-0.0,207.0,0.0,0
15,8,1.0,-0.0,-0.0,208.0,0.0,0
15,9,1.0,-0.0,-0.0,209.0,0.0,0
15,10,1.0,-0.0,0.0,210.0,0.0,0
15,11,1.0,-0.0,-0.0,211.0,0.0,0
15,12,1.0,-0.0,-0.0,212.0,0.0,0
15,13,1.0,-0.0,-0.0,213.0,0.0,0
15,14,1.0,-0.0,-0.0,214.0,0.0,0
15,15,1.0,-0.0,-0.0,215.0,0.0,0
15,16,1.0,-0.0,-0.0,216.0,0.0,0
15,17,1.0,-0.0,0.0,217.0,0.0,0
15,18,1.0,-0.0,-0.0,218.0,0.0,0
15,19,1.0,-0.0,-0.0,219.0,0.0,0
15,20,1.0,-0.0,-0.0,220.0,0.0,0
15,21,1.0,-0.0,-0.0,221.0,0.0,0
15,22,1.0,-0.0,-0.0,222.0,0.0,0
15,23,1.0,-0.0,0.0,223.0,0.0,0
15,24,1.0,-0.0,-0.0,224.0,0.0,0
15,25,1.0,-0.0,-0.0,225.0,0.0,26.90
15,26,1.0,-0.0,-0.0,226.0,0.0,26.90
15,27,1.0,-0.0,0.0,227.0,0.0,5.38
15,28,1.0,-0.0,-0.0,228.0,0.0,0
15,29,1.0,-0.0,-0.0,229.0,0.0,26.90
15,30,1.0,-0.0,-0.0,230.0,0.0,0
15,31,1.0,-0.0,-0.0,231.0,0.0,3.47
15,32,1.0,-0.0,-0.0,232.0,0.0,0
15,33,1.0,-0.0,-0.0,233.0,0.0,0
15,34,1.0,-0.0,-0.0,234.0,0.0,23.67
15,35,1.0,-0.0,-0.0,235.0,0.0,26.90
15,36,1.0,-0.0,0.0,236.0,0.0,0
15,37,1.0,-0.0,-0.0,237.0,0.0,0
15,38,1.0,-0.0,0.0,238.0,0.0,0
15,39,1.0,-0.0,0.0,239.0,0.0,0
15,40,1.0,-0.0,-0.0,240.0,0.0,0
15,41,1.0,-0.0,-0.0,241.0,0.0,0
15,42,1.0,-0.0,0.0,242.0,0.0,0
15,43,1.0,-0.0,-0.0,243.0,0.0,0
15,44,1.0,-0.0,-0.0,244.0,0.0,0
15,45,1.0,-0.0,-0.0,245.0,0.0,0
15,46,1.0,-0.0,-0.0,246.0,0.0,0
15,47,1.0,-0.0,0.0,247.0,0.0,0
15,48,1.0,-0.0,-0.0,248.0,0.0,0
16,1,1.0,0.0,0.0,201.0,0.0,0
16,2,1.0,-0.0,-0.0,202.0,0.0,0
16,3,1.0,-0.0,-0.0,203.0,0.0,0
16,4,1.0,-0.0,-0.0,204.0,0.0,0
16,5,1.0,-0.0,-0.0,205.0,0.0,0
16,6,1.0,-0.0,-0.0,206.0,0.0,0
16,7,1.0,-0.0,-0.0,207.0,0.0,0
16,8,1.0,-0.0,-0.0,208.0,0.0,0
16,9,1.0,-0.0,-0.0,209.0,0.0,0
16,10,1.0,-0.0,-0.0,210.0,0.0,0
16,11,1.0,-0.0,-0.0,211.0,0.0,0
16,12,1.0,-0.0,-0.0,212.0,0.0,0
16,13,1.0,-0.0,-0.0,213.0,0.0,0
16,14,1.0,-0.0,-0.0,214.0,0.0,0
16,15,1.0,-0.0,-0.0,215.0,0.0,0
16,16,1.0,-0.0,-0.0,216.0,0.0,0
16,17,1.0,-0.0,-0.0,217.0,0.0,0
16,18,1.0,-0.0,-0.0,218.0,0.0,0
16,19,1.0,-0.0,-0.0,219.0,0.0,0
16,20,1.0,-0.0,-0.0,220.0,0.0,0
16,21,1.0,-0.0,-0.0,221.0,0.0,0
16,22,1.0,-0.0,-0.0,222.0,0.0,0
16,23,1.0,-0.0,-0.0,223.0,0.0,0
16,24,1.0,-0.0,-0.0,224.0,0.0,0
16,25,1.0,-0.0,-0.0,225.0,0.0,22.50
16,26,1.0,-0.0,-0.0,226.0,0.0,22.50
16,27,1.0,-0.0,0.0,227.0,0.0,4.50
16,28,1.0,-0.0,-0.0,228.0,0.0,0
16,29,1.0,-0.0,-0.0,229.0,0.0,22.50
16,30,1.0,-0.0,-0.0,230.0,0.0,0
16,31,1.0,-0.0,0.0,231.0,0.0,22.50
16,32,1.0,-0.0,-0.0,232.0,0.0,0
16,33,1.0,-0.0,-0.0,233.0,0.0,0
16,34,1.0,-0.0,0.0,234.0,0.0,22.50
16,35,1.0,-0.0,-0.0,235.0,0.0,22.50
16,36,1.0,-0.0,-0.0,236.0,0.0,0
16,37,1.0,-0.0,-0.0,237.0,0.0,0
16,38,1.0,-0.0,0.0,238.0,0.0,0
16,39,1.0,-0.0,0.0,239.0,0.0,0
16,40,1.0,-0.0,0.0,240.0,0.0,0
16,41,1.0,-0.0,-0.0,241.0,0.0,0
16,42,1.0,-0.0,0.0,242.0,0.0,0
16,43,1.0,-0.0,-0.0,243.0,0.0,0
16,44,1.0,-0.0,-0.0,244.0,0.0,0
16,45,1.0,-0.0,-0.0,245.0,0.0,0
16,46,1.0,-0.0,-0.0,246.0,0.0,0
16,47,1.0,-0.0,-0.0,247.0,0.0,0
16,48,1.0,-0.0,-0.0,248.0,0.0,0
17,1,1.0,0.0,0.0,201.0,0.0,130.00
17,2,1.0,-0.0,-0.0,202.0,0.0,130.00
17,3,1.0,-0.0,-0.0,203.0,0.0,130.00
17,4,1.0,-0.0,-0.0,204.0,0.0,130.00
17,5,1.0,-0.0,-0.0,205.0,0.0,130.00
17,6,1.0,-0.0,-0.0,206.0,0.0,130.00
17,7,1.0,-0.0,-0.0,207.0,0.0,130.00
17,8,1.0,-0.0,-0.0,208.0,0.0,130.00
17,9,1.0,-0.0,-0.0,209.0,0.0,130.00
17,10,1.0,-0.0,-0.0,210.0,0.0,130.00
17,11,1.0,-0.0,-0.0,211.0,0.0,130.00
17,12,1.0,-0.0,-0.0,212.0,0.0,130.00
17,13,1.0,-0.0,-0.0,213.0,0.0,130.00
17,14,1.0,-0.0,-0.0,214.0,0.0,130.00
17,15,1.0,-0.0,-0.0,215.0,0.0,130.00
17,16,1.0,-0.0,-0.0,216.0,0.0,130.00
17,17,1.0,-0.0,-0.0,217.0,0.0,130.00
17,18,1.0,-0.0,-0.0,218.0,0.0,130.00
17,19,1.0,-0.0,-0.0,219.0,0.0,130.00
17,20,1.0,-0.0,-0.0,220.0,0.0,130.00
17,21,1.0,-0.0,-0.0,221.0,0.0,130.00
17,22,1.0,-0.0,-0.0,222.0,0.0,130.00
17,23,1.0,-0.0,-0.0,223.0,0.0,130.00
17,24,1.0,-0.0,-0.0,224.0,0.0,130.00
17,25,1.0,-0.0,-0.0,225.0,0.0,130.00
17,26,1.0,-0.0,-0.0,226.0,0.0,130.00
17,27,1.0,-0.0,-0.0,227.0,0.0,130.00
17,28,1.0,-0.0,-0.0,228.0,0.0,130.00
17,29,1.0,-0.0,-0.0,229.0,0.0,130.00
17,30,1.0,-0.0,-0.0,230.0,0.0,130.00
17,31,1.0,-0.0,-0.0,231.0,0.0,130.00
17,32,1.0,-0.0,-0.0,232.0,0.0,130.00
17,33,1.0,-0.0,-0.0,233.0,0.0,130.00
17,34,1.0,-0.0,-0.0,234.0,0.0,130.00
17,35,1.0,-0.0,-0.0,235.0,0.0,130.00
17,36,1.0,-0.0,-0.0,236.0,0.0,130.00
17,37,1.0,-0.0,-0.0,237.0,0.0,130.00
17,38,1.0,-0.0,-0.0,238.0,0.0,130.00
17,39,1.0,-0.0,-0.0,239.0,0.0,130.00
17,40,1.0,-0.0,-0.0,240.0,0.0,130.00
17,41,1.0,-0.0,-0.0,241.0,0.0,130.00
17,42,1.0,-0.0,-0.0,242.0,0.0,130.00
17,43,1.0,-0.0,-0.0,243.0,0.0,130.00
17,44,1.0,-0.0,-0.0,244.0,0.0,130.00
17,45,1.0,-0.0,-0.0,245.0,0.0,130.00
17,46,1.0,-0.0,-0.0,246.0,0.0,130.00
17,47,1.0,-0.0,-0.0,247.0,0.0,130.00
17,48,-0.0,-0.0,1.0,-0.0,1.0,0
1574,1,1.0,0.0,0.0,201.0,0.0,0
1574,2,1.0,-0.0,-0.0,202.0,0.0,0
1574,3,1.0,-0.0,-0.0,203.0,0.0,0
1574,4,1.0,-0.0,-0.0,204.0,0.0,0
1574,5,1.0,-0.0,-0.0,205.0,0.0,0
1574,6,1.0,-0.0,-0.0,206.0,0.0,0
1574,7,1.0,-0.0,-0.0,207.0,0.0,0
1574,8,1.0,-0.0,-0.0,208.0,0.0,0
1574,9,1.0,-0.0,-0.0,209.0,0.0,0
1574,10,1.0,-0.0,-0.0,210.0,0.0,0
1574,11,1.0,-0.0,-0.0,211.0,0.0,0
1574,12,1.0,-0.0,-0.0,212.0,0.0,0
1574,13,1.0,-0.0,-0.0,213.0,0.0,0
1574,14,1.0,-0.0,-0.0,214.0,0.0,0
1574,15,1.0,-0.0,-0.0,215.0,0.0,0
1574,16,1.0,-0.0,-0.0,216.0,0.0,0
1574,17,1.0,-0.0,-0.0,217.0,0.0,0
1574,18,1.0,-0.0,-0.0,218.0,0.0,0
1574,19,1.0,-0.0,-0.0,219.0,0.0,0
1574,20,1.0,-0.0,-0.0,220.0,0.0,0
1574,21,1.0,-0.0,-0.0,221.0,0.0,0
1574,22,1.0,-0.0,-0.0,222.0,0.0,0
1574,23,1.0,-0.0,-0.0,223.0,0.0,0
1574,24,1.0,-0.0,-0.0,224.0,0.0,0
1574,25,1.0,-0.0,-0.0,225.0,0.0,48.67
1574,26,1.0,-0.0,-0.0,226.0,0.0,0
1574,27,1.0,-0.0,-0.0,227.0,0.0,0
1574,28,1.0,-0.0,-0.0,228.0,0.0,0
1574,29,1.0,-0.0,-0.0,229.0,0.0,80.00
1574,30,1.0,-0.0,-0.0,230.0,0.0,0
1574,31,1.0,-0.0,-0.0,231.0,0.0,0
1574,32,1.0,-0.0,-0.0,232.0,0.0,0
1574,33,1.0,-0.0,-0.0,233.0,0.0,0
1574,34,1.0,-0.0,-0.0,234.0,0.0,0
1574,35,1.0,-0.0,-0.0,235.0,0.0,0
1574,36,1.0,-0.0,-0.0,236.0,0.0,0
1574,37,1.0,-0.0,-0.0,237.0,0.0,0
1574,38,1.0,-0.0,-0.0,238.0,0.0,0
1574,39,1.0,-0.0,-0.0,239.0,0.0,0
1574,40,1.0,-0.0,-0.0,240.0,0.0,0
1574,41,1.0,-0.0,-0.0,241.0,0.0,0
1574,42,1.0,-0.0,-0.0,242.0,0.0,0
1574,43,1.0,-0.0,-0.0,243.0,0.0,0
1574,44,1.0,-0.0,-0.0,244.0,0.0,0
1574,45,1.0,-0.0,-0.0,245.0,0.0,0
1574,46,1.0,-0.0,-0.0,246.0,0.0,0
1574,47,1.0,-0.0,-0.0,247.0,0.0,0
1574,48,1.0,-0.0,-0.0,248.0,0.0,0
1575,1,1.0,0.0,0.0,201.0,0.0,0
1575,2,1.0,-0.0,-0.0,202.0,0.0,0
1575,3,1.0,-0.0,-0.0,203.0,0.0,0
1575,4,1.0,-0.0,-0.0,204.0,0.0,0
1575,5,1.0,-0.0,-0.0,205.0,0.0,0
1575,6,1.0,-0.0,-0.0,206.0,0.0,0
1575,7,1.0,-0.0,-0.0,207.0,0.0,0
1575,8,1.0,-0.0,-0.0,208.0,0.0,0
1575,9,1.0,-0.0,-0.0,209.0,0.0,0
1575,10,1.0,-0.0,-0.0,210.0,0.0,0
1575,11,1.0,-0.0,-0.0,211.0,0.0,0
1575,12,1.0,-0.0,-0.0,212.0,0.0,0
1575,13,1.0,-0.0,-0.0,213.0,0.0,0
1575,14,1.0,-0.0,-0.0,214.0,0.0,0
1575,15,1.0,-0.0,-0.0,215.0,0.0,0
1575,16,1.0,-0.0,-0.0,216.0,0.0,0
1575,17,1.0,-0.0,-0.0,217.0,0.0,0
1575,18,1.0,-0.0,-0.0,218.0,0.0,0
1575,19,1.0,-0.0,-0.0,219.0,0.0,0
1575,20,1.0,-0.0,-0.0,220.0,0.0,0
1575,21,1.0,-0.0,-0.0,221.0,0.0,0
1575,22,1.0,-0.0,-0.0,222.0,0.0,0
1575,23,1.0,-0.0,-0.0,223.0,0.0,0
1575,24,1.0,-0.0,-0.0,224.0,0.0,0
1575,25,1.0,-0.0,-0.0,225.0,0.0,80.00
1575,26,1.0,-0.0,-0.0,226.0,0.0,26.86
1575,27,1.0,-0.0,-0.0,227.0,0.0,0
1575,28,1.0,-0.0,-0.0,228.0,0.0,0
1575,29,1.0,-0.0,-0.0,229.0,0.0,59.38
1575,30,1.0,-0.0,-0.0,230.0,0.0,0
1575,31,1.0,-0.0,-0.0,231.0,0.0,0
1575,32,1.0,-0.0,-0.0,232.0,0.0,0
1575,33,1.0,-0.0,-0.0,233.0,0.0,0
1575,34,1.0,-0.0,-0.0,234.0,0.0,0
1575,35,1.0,-0.0,-0.0,235.0,0.0,56.98
1575,36,1.0,-0.0,-0.0,236.0,0.0,0
1575,37,1.0,-0.0,-0.0,237.0,0.0,0
1575,38,1.0,-0.0,-0.0,238.0,0.0,0
1575,39,1.0,-0.0,-0.0,239.0,0.0,0
1575,40,1.0,-0.0,-0.0,240.0,0.0,0
1575,41,1.0,-0.0,-0.0,241.0,0.0,0
1575,42,1.0,-0.0,-0.0,242.0,0.0,0
1575,43,1.0,-0.0,-0.0,243.0,0.0,0
1575,44,1.0,-0.0,-0.0,244.0,0.0,0
1575,45,1.0,-0.0,-0.0,245.0,0.0,0
1575,46,1.0,-0.0,-0.0,246.0,0.0,0
1575,47,1.0,-0.0,-0.0,247.0,0.0,0
1575,48,1.0,-0.0,-0.0,248.0,0.0,0
1576,1,0.0,0.0,1.0,0.0,1.0,0
1576,2,0.0,-0.0,-0.0,0.0,2.0,0
1576,3,0.0,-0.0,-0.0,0.0,3.0,0
1576,4,0.0,-0.0,-0.0,0.0,4.0,0
1576,5,0.0,-0.0,-0.0,0.0,5.0,0
1576,6,0.0,-0.0,-0.0,0.0,6.0,0
1576,7,0.0,-0.0,-0.0,0.0,7.0,0
1576,8,0.0,-0.0,-0.0,0.0,8.0,0
1576,9,-0.0,-0.0,-0.0,0.0,9.0,0
1576,10,1.0,1.0,-0.0,1.0,0.0,132.82
1576,11,1.0,-0.0,-0.0,2.0,0.0,210.00
1576,12,1.0,0.0,-0.0,3.0,0.0,210.00
1576,13,1.0,0.0,-0.0,4.0,0.0,210.00
1576,14,1.0,-0.0,-0.0,5.0,0.0,210.00
1576,15,1.0,-0.0,0.0,6.0,0.0,210.00
1576,16,1.0,-0.0,0.0,7.0,0.0,210.00
1576,17,1.0,-0.0,0.0,8.0,0.0,210.00
1576,18,1.0,-0.0,0.0,9.0,0.0,210.00
1576,19,1.0,-0.0,0.0,10.0,0.0,210.00
1576,20,1.0,-0.0,0.0,11.0,0.0,210.00
1576,21,1.0,-0.0,0.0,12.0,0.0,210.00
1576,22,1.0,-0.0,0.0,13.0,0.0,210.00
1576,23,1.0,-0.0,0.0,14.0,0.0,210.00
1576,24,-0.0,-0.0,1.0,-0.0,1.0,0
1576,25,0.0,0.0,-0.0,0.0,2.0,0
1576,26,0.0,0.0,-0.0,0.0,3.0,0
1576,27,0.0,0.0,-0.0,0.0,4.0,0
1576,28,0.0,0.0,-0.0,0.0,5.0,0
1576,29,0.0,0.0,-0.0,0.0,6.0,0
1576,30,0.0,0.0,-0.0,0.0,7.0,0
1576,31,0.0,-0.0,-0.0,0.0,8.0,0
1576,32,0.0,-0.0,0.0,0.0,9.0,0
1576,33,0.0,-0.0,0.0,0.0,10.0,0
1576,34,0.0,-0.0,0.0,0.0,11.0,0
1576,35,0.0,-0.0,0.0,0.0,12.0,0
1576,36,1.0,1.0,-0.0,1.0,0.0,157.61
1576,37,1.0,0.0,-0.0,2.0,0.0,210.00
1576,38,1.0,-0.0,-0.0,3.0,0.0,210.00
1576,39,1.0,-0.0,-0.0,4.0,0.0,210.00
1576,40,1.0,-0.0,-0.0,5.0,0.0,20.00
1576,41,1.0,-0.0,-0.0,6.0,0.0,210.00
1576,42,1.0,-0.0,-0.0,7.0,0.0,210.00
1576,43,1.0,-0.0,-0.0,8.0,0.0,210.00
1576,44,1.0,-0.0,-0.0,9.0,0.0,210.00
1576,45,1.0,-0.0,-0.0,10.0,0.0,210.00
1576,46,1.0,-0.0,-0.0,11.0,0.0,210.00
1576,47,1.0,-0.0,0.0,12.0,0.0,210.00
1576,48,1.0,0.0,-0.0,13.0,0.0,210.00
1579,1,1.0,0.0,0.0,201.0,0.0,249.50
1579,2,1.0,-0.0,-0.0,202.0,0.0,171.22
1579,3,1.0,-0.0,-0.0,203.0,0.0,249.50
1579,4,1.0,-0.0,-0.0,204.0,0.0,213.24
1579,5,1.0,-0.0,-0.0,205.0,0.0,249.50
1579,6,1.0,-0.0,-0.0,206.0,0.0,0
1579,7,1.0,-0.0,-0.0,207.0,0.0,84.29
1579,8,1.0,-0.0,-0.0,208.0,0.0,0
1579,9,1.0,-0.0,-0.0,209.0,0.0,0
1579,10,1.0,-0.0,0.0,210.0,0.0,0
1579,11,1.0,-0.0,0.0,211.0,0.0,0
1579,12,1.0,-0.0,0.0,212.0,0.0,0
1579,13,1.0,0.0,-0.0,213.0,0.0,249.50
1579,14,1.0,-0.0,-0.0,214.0,0.0,249.50
1579,15,1.0,-0.0,-0.0,215.0,0.0,59.50
1579,16,1.0,-0.0,-0.0,216.0,0.0,249.50
1579,17,1.0,-0.0,-0.0,217.0,0.0,249.50
1579,18,1.0,-0.0,-0.0,218.0,0.0,120.00
1579,19,1.0,-0.0,-0.0,219.0,0.0,249.50
1579,20,1.0,-0.0,-0.0,220.0,0.0,59.50
1579,21,1.0,-0.0,-0.0,221.0,0.0,120.00
1579,22,1.0,-0.0,-0.0,222.0,0.0,249.50
1579,23,1.0,-0.0,0.0,223.0,0.0,5.40
1579,24,1.0,-0.0,-0.0,224.0,0.0,0
1579,25,1.0,-0.0,-0.0,225.0,0.0,0
1579,26,1.0,0.0,-0.0,226.0,0.0,218.89
1579,27,1.0,0.0,-0.0,227.0,0.0,249.50
1579,28,1.0,0.0,-0.0,228.0,0.0,249.50
1579,29,1.0,0.0,-0.0,229.0,0.0,249.50
1579,30,1.0,0.0,-0.0,230.0,0.0,166.98
1579,31,1.0,-0.0,-0.0,231.0,0.0,156.98
1579,32,1.0,-0.0,0.0,232.0,0.0,4.95
1579,33,1.0,-0.0,0.0,233.0,0.0,159.49
1579,34,1.0,-0.0,0.0,234.0,0.0,177.11
1579,35,1.0,-0.0,0.0,235.0,0.0,187.11
1579,36,1.0,-0.0,0.0,236.0,0.0,249.50
1579,37,1.0,0.0,-0.0,237.0,0.0,0
1579,38,1.0,-0.0,-0.0,238.0,0.0,59.50
1579,39,1.0,-0.0,-0.0,239.0,0.0,139.50
1579,40,1.0,-0.0,-0.0,240.0,0.0,249.50
1579,41,1.0,-0.0,-0.0,241.0,0.0,249.50
1579,42,1.0,-0.0,-0.0,242.0,0.0,200.00
1579,43,1.0,-0.0,-0.0,243.0,0.0,249.50
1579,44,1.0,-0.0,-0.0,244.0,0.0,249.50
1579,45,1.0,-0.0,-0.0,245.0,0.0,120.00
1579,46,1.0,-0.0,-0.0,246.0,0.0,120.00
1579,47,1.0,-0.0,0.0,247.0,0.0,0
1579,48,1.0,0.0,-0.0,248.0,0.0,59.50
1580,1,1.0,0.0,0.0,201.0,0.0,0
1580,2,1.0,-0.0,-0.0,202.0,0.0,210.00
1580,3,1.0,-0.0,-0.0,203.0,0.0,27.78
1580,4,1.0,-0.0,-0.0,204.0,0.0,210.00
1580,5,1.0,-0.0,-0.0,205.0,0.0,173.38
1580,6,1.0,-0.0,-0.0,206.0,0.0,210.00
1580,7,1.0,-0.0,-0.0,207.0,0.0,210.00
1580,8,1.0,-0.0,-0.0,208.0,0.0,167.07
1580,9,1.0,-0.0,-0.0,209.0,0.0,12.70
1580,10,1.0,-0.0,0.0,210.0,0.0,210.00
1580,11,1.0,-0.0,0.0,211.0,0.0,129.00
1580,12,1.0,-0.0,0.0,212.0,0.0,189.50
1580,13,1.0,0.0,-0.0,213.0,0.0,80.50
1580,14,1.0,-0.0,-0.0,214.0,0.0,20.00
1580,15,1.0,-0.0,-0.0,215.0,0.0,210.00
1580,16,1.0,-0.0,-0.0,216.0,0.0,160.50
1580,17,1.0,-0.0,-0.0,217.0,0.0,29.01
1580,18,1.0,-0.0,-0.0,218.0,0.0,210.00
1580,19,1.0,-0.0,-0.0,219.0,0.0,80.50
1580,20,1.0,-0.0,-0.0,220.0,0.0,210.00
1580,21,1.0,-0.0,-0.0,221.0,0.0,210.00
1580,22,1.0,-0.0,-0.0,222.0,0.0,68.40
1580,23,1.0,-0.0,0.0,223.0,0.0,210.00
1580,24,1.0,-0.0,-0.0,224.0,0.0,183.00
1580,25,1.0,-0.0,-0.0,225.0,0.0,210.00
1580,26,1.0,-0.0,-0.0,226.0,0.0,210.00
1580,27,1.0,-0.0,-0.0,227.0,0.0,210.00
1580,28,1.0,-0.0,-0.0,228.0,0.0,210.00
1580,29,1.0,-0.0,-0.0,229.0,0.0,210.00
1580,30,1.0,0.0,-0.0,230.0,0.0,143.57
1580,31,1.0,-0.0,-0.0,231.0,0.0,210.00
1580,32,1.0,-0.0,0.0,232.0,0.0,210.00
1580,33,1.0,-0.0,0.0,233.0,0.0,210.00
1580,34,1.0,-0.0,0.0,234.0,0.0,210.00
1580,35,1.0,-0.0,0.0,235.0,0.0,0
1580,36,1.0,-0.0,0.0,236.0,0.0,0
1580,37,1.0,0.0,-0.0,237.0,0.0,129.00
1580,38,1.0,-0.0,-0.0,238.0,0.0,210.00
1580,39,1.0,-0.0,-0.0,239.0,0.0,210.00
1580,40,1.0,-0.0,-0.0,240.0,0.0,210.00
1580,41,1.0,-0.0,-0.0,241.0,0.0,20.00
1580,42,1.0,-0.0,-0.0,242.0,0.0,210.00
1580,43,1.0,-0.0,-0.0,243.0,0.0,80.50
1580,44,1.0,-0.0,-0.0,244.0,0.0,80.50
1580,45,1.0,-0.0,-0.0,245.0,0.0,210.00
1580,46,1.0,-0.0,-0.0,246.0,0.0,210.00
1580,47,1.0,-0.0,0.0,247.0,0.0,200.00
1580,48,1.0,0.0,-0.0,248.0,0.0,210.00
1582,1,0.0,0.0,1.0,0.0,1.0,0
1582,2,0.0,-0.0,-0.0,0.0,2.0,0
1582,3,0.0,-0.0,-0.0,0.0,3.0,0
1582,4,0.0,-0.0,-0.0,0.0,4.0,0
1582,5,0.0,-0.0,-0.0,0.0,5.0,0
1582,6,0.0,-0.0,-0.0,0.0,6.0,0
1582,7,0.0,-0.0,-0.0,0.0,7.0,0
1582,8,0.0,-0.0,-0.0,0.0,8.0,0
1582,9,-0.0,-0.0,-0.0,0.0,9.0,0
1582,10,0.0,-0.0,0.0,0.0,10.0,0
1582,11,0.0,-0.0,0.0,0.0,11.0,0
1582,12,1.0,1.0,-0.0,1.0,0.0,80.00
1582,13,1.0,0.0,-0.0,2.0,0.0,80.00
1582,14,1.0,-0.0,-0.0,3.0,0.0,80.00
1582,15,1.0,-0.0,-0.0,4.0,0.0,80.00
1582,16,1.0,-0.0,-0.0,5.0,0.0,0
1582,17,1.0,-0.0,0.0,6.0,0.0,80.00
1582,18,1.0,-0.0,-0.0,7.0,0.0,80.00
1582,19,1.0,-0.0,-0.0,8.0,0.0,80.00
1582,20,1.0,-0.0,-0.0,9.0,0.0,80.00
1582,21,1.0,-0.0,-0.0,10.0,0.0,80.00
1582,22,1.0,-0.0,-0.0,11.0,0.0,80.00
1582,23,1.0,-0.0,0.0,12.0,0.0,80.00
1582,24,1.0,-0.0,0.0,13.0,0.0,80.00
1582,25,0.0,-0.0,1.0,0.0,1.0,0
1582,26,0.0,-0.0,-0.0,0.0,2.0,0
1582,27,0.0,-0.0,-0.0,0.0,3.0,0
1582,28,0.0,-0.0,-0.0,0.0,4.0,0
1582,29,0.0,-0.0,-0.0,0.0,5.0,0
1582,30,-0.0,0.0,-0.0,0.0,6.0,0
1582,31,0.0,-0.0,0.0,0.0,7.0,0
1582,32,0.0,-0.0,-0.0,0.0,8.0,0
1582,33,0.0,-0.0,-0.0,0.0,9.0,0
1582,34,0.0,-0.0,-0.0,0.0,10.0,0
1582,35,0.0,-0.0,-0.0,0.0,11.0,0
1582,36,0.0,-0.0,-0.0,0.0,12.0,0
1582,37,-0.0,0.0,-0.0,0.0,13.0,0
1582,38,1.0,1.0,-0.0,1.0,0.0,80.00
1582,39,1.0,-0.0,-0.0,2.0,0.0,0
1582,40,1.0,-0.0,-0.0,3.0,0.0,80.00
1582,41,1.0,0.0,-0.0,4.0,0.0,80.00
1582,42,1.0,-0.0,-0.0,5.0,0.0,0
1582,43,1.0,-0.0,-0.0,6.0,0.0,80.00
1582,44,1.0,-0.0,-0.0,7.0,0.0,80.00
1582,45,1.0,-0.0,-0.0,8.0,0.0,80.00
1582,46,1.0,-0.0,-0.0,9.0,0.0,80.00
1582,47,1.0,-0.0,0.0,10.0,0.0,0
1582,48,1.0,0.0,-0.0,11.0,0.0,80.00
1583,1,1.0,0.0,0.0,201.0,0.0,210.00
1583,2,1.0,-0.0,-0.0,202.0,0.0,0
1583,3,1.0,-0.0,-0.0,203.0,0.0,36.17
1583,4,1.0,-0.0,-0.0,204.0,0.0,210.00
1583,5,1.0,-0.0,-0.0,205.0,0.0,210.00
1583,6,1.0,-0.0,-0.0,206.0,0.0,210.00
1583,7,1.0,-0.0,-0.0,207.0,0.0,210.00
1583,8,1.0,-0.0,-0.0,208.0,0.0,210.00
1583,9,1.0,-0.0,-0.0,209.0,0.0,210.00
1583,10,1.0,-0.0,0.0,210.0,0.0,210.00
1583,11,1.0,-0.0,0.0,211.0,0.0,210.00
1583,12,1.0,0.0,-0.0,212.0,0.0,210.00
1583,13,1.0,-0.0,-0.0,213.0,0.0,19.80
1583,14,1.0,-0.0,-0.0,214.0,0.0,31.37
1583,15,1.0,-0.0,-0.0,215.0,0.0,119.36
1583,16,1.0,-0.0,-0.0,216.0,0.0,210.00
1583,17,1.0,-0.0,0.0,217.0,0.0,210.00
1583,18,1.0,0.0,-0.0,218.0,0.0,210.00
1583,19,1.0,0.0,-0.0,219.0,0.0,210.00
1583,20,1.0,0.0,-0.0,220.0,0.0,210.00
1583,21,1.0,0.0,-0.0,221.0,0.0,210.00
1583,22,1.0,0.0,-0.0,222.0,0.0,210.00
1583,23,0.0,-0.0,1.0,0.0,1.0,0
1583,24,0.0,-0.0,-0.0,0.0,2.0,0
1583,25,0.0,-0.0,-0.0,0.0,3.0,0
1583,26,0.0,-0.0,-0.0,0.0,4.0,0
1583,27,0.0,-0.0,-0.0,0.0,5.0,0
1583,28,0.0,-0.0,-0.0,0.0,6.0,0
1583,29,0.0,-0.0,-0.0,0.0,7.0,0
1583,30,-0.0,0.0,0.0,0.0,8.0,0
1583,31,0.0,-0.0,0.0,0.0,9.0,0
1583,32,0.0,-0.0,-0.0,0.0,10.0,0
1583,33,0.0,-0.0,-0.0,0.0,11.0,0
1583,34,0.0,-0.0,-0.0,0.0,12.0,0
1583,35,0.0,0.0,-0.0,0.0,13.0,0
1583,36,1.0,1.0,-0.0,1.0,0.0,210.00
1583,37,1.0,0.0,0.0,2.0,0.0,210.00
1583,38,1.0,-0.0,-0.0,3.0,0.0,210.00
1583,39,1.0,-0.0,-0.0,4.0,0.0,210.00
1583,40,1.0,-0.0,0.0,5.0,0.0,210.00
1583,41,1.0,0.0,-0.0,6.0,0.0,210.00
1583,42,1.0,-0.0,-0.0,7.0,0.0,210.00
1583,43,1.0,-0.0,-0.0,8.0,0.0,210.00
1583,44,1.0,-0.0,-0.0,9.0,0.0,210.00
1583,45,1.0,0.0,-0.0,10.0,0.0,210.00
1583,46,1.0,0.0,-0.0,11.0,0.0,210.00
1583,47,1.0,-0.0,0.0,12.0,0.0,89.00
1583,48,1.0,0.0,-0.0,13.0,0.0,210.00
1586,1,1.0,0.0,0.0,5.0,0.0,458.50
1586,2,1.0,0.0,0.0,6.0,0.0,458.50
1586,3,1.0,0.0,0.0,7.0,0.0,458.50
1586,4,1.0,0.0,0.0,8.0,0.0,458.50
1586,5,1.0,0.0,0.0,9.0,0.0,301.65
1586,6,1.0,0.0,0.0,10.0,0.0,458.50
1586,7,1.0,0.0,0.0,11.0,0.0,264.38
1586,8,1.0,0.0,0.0,12.0,0.0,274.38
1586,9,1.0,0.0,0.0,13.0,0.0,428.75
1586,10,1.0,0.0,0.0,14.0,0.0,421.25
1586,11,1.0,0.0,0.0,15.0,0.0,180.88
1586,12,1.0,0.0,0.0,16.0,0.0,277.55
1586,13,1.0,0.0,0.0,17.0,0.0,428.82
1586,14,1.0,0.0,0.0,18.0,0.0,458.50
1586,15,1.0,0.0,0.0,19.0,0.0,458.50
1586,16,1.0,0.0,0.0,20.0,0.0,458.50
1586,17,1.0,0.0,0.0,21.0,0.0,458.50
1586,18,1.0,-0.0,-0.0,22.0,0.0,458.50
1586,19,1.0,-0.0,-0.0,23.0,0.0,458.50
1586,20,1.0,-0.0,-0.0,24.0,0.0,458.50
1586,21,1.0,-0.0,-0.0,25.0,0.0,458.50
1586,22,1.0,-0.0,-0.0,26.0,0.0,458.50
1586,23,1.0,-0.0,0.0,27.0,0.0,373.60
1586,24,1.0,-0.0,0.0,28.0,0.0,458.50
1586,25,1.0,-0.0,-0.0,29.0,0.0,458.50
1586,26,1.0,0.0,-0.0,30.0,0.0,458.50
1586,27,1.0,0.0,-0.0,31.0,0.0,458.50
1586,28,1.0,0.0,-0.0,32.0,0.0,458.50
1586,29,1.0,0.0,-0.0,33.0,0.0,258.50
1586,30,1.0,0.0,0.0,34.0,0.0,458.50
1586,31,1.0,-0.0,-0.0,35.0,0.0,258.50
1586,32,1.0,-0.0,0.0,36.0,0.0,458.50
1586,33,1.0,-0.0,-0.0,37.0,0.0,458.50
1586,34,1.0,-0.0,0.0,38.0,0.0,458.50
1586,35,1.0,-0.0,0.0,39.0,0.0,352.46
1586,36,1.0,0.0,-0.0,40.0,0.0,458.50
1586,37,1.0,0.0,-0.0,41.0,0.0,458.50
1586,38,1.0,-0.0,-0.0,42.0,0.0,458.50
1586,39,1.0,0.0,-0.0,43.0,0.0,458.50
1586,40,1.0,-0.0,-0.0,44.0,0.0,458.50
1586,41,1.0,-0.0,-0.0,45.0,0.0,432.51
1586,42,1.0,-0.0,-0.0,46.0,0.0,232.51
1586,43,1.0,-0.0,-0.0,47.0,0.0,432.51
1586,44,1.0,-0.0,-0.0,48.0,0.0,458.50
1586,45,1.0,-0.0,-0.0,49.0,0.0,458.50
1586,46,1.0,-0.0,-0.0,50.0,0.0,458.50
1586,47,1.0,-0.0,-0.0,51.0,0.0,448.50
1586,48,1.0,0.0,-0.0,52.0,0.0,458.50
1566,1,1.0,0.0,0.0,201.0,0.0,0
1566,2,1.0,-0.0,-0.0,202.0,0.0,0
1566,3,1.0,-0.0,-0.0,203.0,0.0,0
1566,4,1.0,-0.0,-0.0,204.0,0.0,0
1566,5,1.0,-0.0,-0.0,205.0,0.0,0
1566,6,1.0,-0.0,-0.0,206.0,0.0,0
1566,7,1.0,-0.0,-0.0,207.0,0.0,0
1566,8,1.0,-0.0,-0.0,208.0,0.0,0
1566,9,1.0,-0.0,-0.0,209.0,0.0,0
1566,10,1.0,-0.0,-0.0,210.0,0.0,0
1566,11,1.0,-0.0,-0.0,211.0,0.0,0
1566,12,1.0,-0.0,-0.0,212.0,0.0,0
1566,13,1.0,-0.0,-0.0,213.0,0.0,0
1566,14,1.0,-0.0,-0.0,214.0,0.0,0
1566,15,1.0,-0.0,-0.0,215.0,0.0,0
1566,16,1.0,-0.0,-0.0,216.0,0.0,0
1566,17,1.0,-0.0,-0.0,217.0,0.0,0
1566,18,1.0,-0.0,-0.0,218.0,0.0,0
1566,19,1.0,-0.0,-0.0,219.0,0.0,0
1566,20,1.0,-0.0,-0.0,220.0,0.0,0
1566,21,1.0,-0.0,-0.0,221.0,0.0,0
1566,22,1.0,-0.0,-0.0,222.0,0.0,0
1566,23,1.0,-0.0,-0.0,223.0,0.0,0
1566,24,1.0,-0.0,-0.0,224.0,0.0,0
1566,25,1.0,-0.0,-0.0,225.0,0.0,0
1566,26,1.0,-0.0,-0.0,226.0,0.0,0
1566,27,1.0,-0.0,-0.0,227.0,0.0,0
1566,28,1.0,-0.0,-0.0,228.0,0.0,0
1566,29,1.0,-0.0,-0.0,229.0,0.0,0
1566,30,1.0,-0.0,-0.0,230.0,0.0,0
1566,31,1.0,-0.0,-0.0,231.0,0.0,0
1566,32,1.0,-0.0,-0.0,232.0,0.0,0
1566,33,1.0,-0.0,-0.0,233.0,0.0,0
1566,34,1.0,-0.0,-0.0,234.0,0.0,0
1566,35,1.0,-0.0,-0.0,235.0,0.0,0
1566,36,1.0,-0.0,-0.0,236.0,0.0,0
1566,37,1.0,-0.0,-0.0,237.0,0.0,0
1566,38,1.0,-0.0,-0.0,238.0,0.0,0
1566,39,1.0,-0.0,-0.0,239.0,0.0,0
1566,40,1.0,-0.0,-0.0,240.0,0.0,0
1566,41,1.0,-0.0,-0.0,241.0,0.0,0
1566,42,1.0,-0.0,-0.0,242.0,0.0,0
1566,43,1.0,-0.0,-0.0,243.0,0.0,0
1566,44,1.0,-0.0,-0.0,244.0,0.0,0
1566,45,1.0,-0.0,-0.0,245.0,0.0,0
1566,46,1.0,-0.0,-0.0,246.0,0.0,0
1566,47,1.0,-0.0,-0.0,247.0,0.0,0
1566,48,1.0,-0.0,-0.0,248.0,0.0,0
1567,1,1.0,0.0,0.0,201.0,0.0,0
1567,2,1.0,-0.0,-0.0,202.0,0.0,0
1567,3,1.0,-0.0,-0.0,203.0,0.0,0
1567,4,1.0,-0.0,-0.0,204.0,0.0,0
1567,5,1.0,-0.0,-0.0,205.0,0.0,0
1567,6,1.0,-0.0,-0.0,206.0,0.0,0
1567,7,1.0,-0.0,-0.0,207.0,0.0,0
1567,8,1.0,-0.0,-0.0,208.0,0.0,0
1567,9,1.0,-0.0,-0.0,209.0,0.0,0
1567,10,1.0,-0.0,-0.0,210.0,0.0,0
1567,11,1.0,-0.0,-0.0,211.0,0.0,0
1567,12,1.0,-0.0,-0.0,212.0,0.0,0
1567,13,1.0,-0.0,-0.0,213.0,0.0,0
1567,14,1.0,-0.0,-0.0,214.0,0.0,0
1567,15,1.0,-0.0,-0.0,215.0,0.0,0
1567,16,1.0,-0.0,-0.0,216.0,0.0,0
1567,17,1.0,-0.0,-0.0,217.0,0.0,0
1567,18,1.0,-0.0,-0.0,218.0,0.0,0
1567,19,1.0,-0.0,-0.0,219.0,0.0,0
1567,20,1.0,-0.0,-0.0,220.0,0.0,0
1567,21,1.0,-0.0,-0.0,221.0,0.0,0
1567,22,1.0,-0.0,-0.0,222.0,0.0,0
1567,23,1.0,-0.0,-0.0,223.0,0.0,0
1567,24,1.0,-0.0,-0.0,224.0,0.0,0
1567,25,1.0,-0.0,-0.0,225.0,0.0,0
1567,26,1.0,-0.0,-0.0,226.0,0.0,0
1567,27,1.0,-0.0,-0.0,227.0,0.0,0
1567,28,1.0,-0.0,-0.0,228.0,0.0,0
1567,29,1.0,-0.0,-0.0,229.0,0.0,0
1567,30,1.0,-0.0,-0.0,230.0,0.0,0
1567,31,1.0,-0.0,-0.0,231.0,0.0,0
1567,32,1.0,-0.0,-0.0,232.0,0.0,0
1567,33,1.0,-0.0,-0.0,233.0,0.0,0
1567,34,1.0,-0.0,-0.0,234.0,0.0,0
1567,35,1.0,-0.0,-0.0,235.0,0.0,0
1567,36,1.0,-0.0,-0.0,236.0,0.0,0
1567,37,1.0,-0.0,-0.0,237.0,0.0,0
1567,38,1.0,-0.0,-0.0,238.0,0.0,0
1567,39,1.0,-0.0,-0.0,239.0,0.0,0
1567,40,1.0,-0.0,-0.0,240.0,0.0,0
1567,41,1.0,-0.0,-0.0,241.0,0.0,0
1567,42,1.0,-0.0,-0.0,242.0,0.0,0
1567,43,1.0,-0.0,-0.0,243.0,0.0,0
1567,44,1.0,-0.0,-0.0,244.0,0.0,0
1567,45,1.0,-0.0,-0.0,245.0,0.0,0
1567,46,1.0,-0.0,-0.0,246.0,0.0,0
1567,47,1.0,-0.0,-0.0,247.0,0.0,0
1567,48,1.0,-0.0,-0.0,248.0,0.0,0
1616,1,-0.0,0.0,1.0,-0.0,1.0,0
1616,2,-0.0,-0.0,-0.0,-0.0,2.0,0
1616,3,-0.0,-0.0,-0.0,-0.0,3.0,0
1616,4,-0.0,-0.0,-0.0,-0.0,4.0,0
1616,5,-0.0,-0.0,-0.0,-0.0,5.0,0
1616,6,-0.0,-0.0,-0.0,-0.0,6.0,0
1616,7,-0.0,-0.0,-0.0,-0.0,7.0,0
1616,8,-0.0,-0.0,-0.0,-0.0,8.0,0
1616,9,0.0,-0.0,-0.0,0.0,9.0,0
1616,10,-0.0,-0.0,-0.0,0.0,10.0,0
1616,11,-0.0,-0.0,-0.0,0.0,11.0,0
1616,12,0.0,-0.0,0.0,0.0,12.0,0
1616,13,0.0,-0.0,-0.0,0.0,13.0,0
1616,14,-0.0,-0.0,-0.0,0.0,14.0,0
1616,15,0.0,-0.0,-0.0,0.0,15.0,0
1616,16,-0.0,-0.0,0.0,0.0,16.0,0
1616,17,0.0,-0.0,-0.0,0.0,17.0,0
1616,18,-0.0,-0.0,-0.0,0.0,18.0,0
1616,19,0.0,-0.0,0.0,0.0,19.0,0
1616,20,0.0,-0.0,-0.0,0.0,20.0,0
1616,21,0.0,-0.0,-0.0,0.0,21.0,0
1616,22,-0.0,-0.0,-0.0,0.0,22.0,0
1616,23,-0.0,-0.0,0.0,0.0,23.0,0
1616,24,-0.0,-0.0,-0.0,0.0,24.0,0
1616,25,-0.0,-0.0,-0.0,0.0,25.0,0
1616,26,-0.0,-0.0,-0.0,0.0,26.0,0
1616,27,-0.0,-0.0,-0.0,0.0,27.0,0
1616,28,-0.0,-0.0,-0.0,0.0,28.0,0
1616,29,-0.0,-0.0,-0.0,0.0,29.0,0
1616,30,0.0,-0.0,-0.0,0.0,30.0,0
1616,31,-0.0,-0.0,-0.0,0.0,31.0,0
1616,32,-0.0,-0.0,-0.0,0.0,32.0,0
1616,33,-0.0,-0.0,-0.0,0.0,33.0,0
1616,34,-0.0,-0.0,-0.0,0.0,34.0,0
1616,35,0.0,-0.0,-0.0,0.0,35.0,0
1616,36,0.0,-0.0,-0.0,0.0,36.0,0
1616,37,-0.0,-0.0,-0.0,0.0,37.0,0
1616,38,0.0,-0.0,-0.0,0.0,38.0,0
1616,39,0.0,-0.0,-0.0,0.0,39.0,0
1616,40,0.0,-0.0,-0.0,0.0,40.0,0
1616,41,0.0,-0.0,-0.0,0.0,41.0,0
1616,42,-0.0,0.0,-0.0,0.0,42.0,0
1616,43,0.0,-0.0,0.0,0.0,43.0,0
1616,44,0.0,-0.0,0.0,0.0,44.0,0
1616,45,0.0,-0.0,-0.0,0.0,45.0,0
1616,46,-0.0,-0.0,-0.0,0.0,46.0,0
1616,47,-0.0,-0.0,0.0,0.0,47.0,0
1616,48,0.0,-0.0,-0.0,0.0,48.0,0
1617,1,-0.0,0.0,1.0,-0.0,1.0,0
1617,2,-0.0,-0.0,-0.0,-0.0,2.0,0
1617,3,-0.0,-0.0,-0.0,-0.0,3.0,0
1617,4,-0.0,-0.0,-0.0,-0.0,4.0,0
1617,5,-0.0,-0.0,-0.0,-0.0,5.0,0
1617,6,-0.0,-0.0,-0.0,-0.0,6.0,0
1617,7,-0.0,-0.0,-0.0,-0.0,7.0,0
1617,8,-0.0,-0.0,-0.0,-0.0,8.0,0
1617,9,0.0,-0.0,-0.0,0.0,9.0,0
1617,10,0.0,-0.0,-0.0,0.0,10.0,0
1617,11,0.0,-0.0,-0.0,0.0,11.0,0
1617,12,0.0,-0.0,-0.0,0.0,12.0,0
1617,13,1.0,1.0,-0.0,1.0,0.0,14.00
1617,14,1.0,-0.0,-0.0,2.0,0.0,14.00
1617,15,1.0,-0.0,-0.0,3.0,0.0,14.00
1617,16,1.0,-0.0,0.0,4.0,0.0,14.00
1617,17,1.0,-0.0,-0.0,5.0,0.0,14.00
1617,18,1.0,-0.0,-0.0,6.0,0.0,14.00
1617,19,0.0,-0.0,1.0,0.0,1.0,0
1617,20,0.0,-0.0,-0.0,0.0,2.0,0
1617,21,0.0,-0.0,-0.0,0.0,3.0,0
1617,22,0.0,-0.0,-0.0,0.0,4.0,0
1617,23,0.0,-0.0,0.0,0.0,5.0,0
1617,24,-0.0,-0.0,-0.0,0.0,6.0,0
1617,25,-0.0,-0.0,-0.0,0.0,7.0,0
1617,26,-0.0,-0.0,-0.0,0.0,8.0,0
1617,27,-0.0,-0.0,-0.0,0.0,9.0,0
1617,28,-0.0,-0.0,-0.0,0.0,10.0,0
1617,29,-0.0,-0.0,-0.0,0.0,11.0,0
1617,30,0.0,-0.0,-0.0,0.0,12.0,0
1617,31,-0.0,-0.0,-0.0,0.0,13.0,0
1617,32,-0.0,-0.0,-0.0,0.0,14.0,0
1617,33,-0.0,-0.0,-0.0,0.0,15.0,0
1617,34,-0.0,-0.0,-0.0,0.0,16.0,0
1617,35,0.0,-0.0,-0.0,0.0,17.0,0
1617,36,0.0,-0.0,-0.0,0.0,18.0,0
1617,37,-0.0,-0.0,-0.0,0.0,19.0,0
1617,38,1.0,1.0,-0.0,1.0,0.0,14.00
1617,39,1.0,0.0,-0.0,2.0,0.0,14.00
1617,40,1.0,-0.0,-0.0,3.0,0.0,14.00
1617,41,1.0,-0.0,-0.0,4.0,0.0,14.00
1617,42,1.0,0.0,-0.0,5.0,0.0,14.00
1617,43,1.0,-0.0,0.0,6.0,0.0,14.00
1617,44,1.0,-0.0,-0.0,7.0,0.0,14.00
1617,45,1.0,-0.0,-0.0,8.0,0.0,14.00
1617,46,1.0,-0.0,-0.0,9.0,0.0,14.00
1617,47,0.0,-0.0,1.0,0.0,1.0,0
1617,48,0.0,-0.0,-0.0,0.0,2.0,0
1618,1,0.0,0.0,1.0,0.0,1.0,0
1618,2,0.0,-0.0,-0.0,0.0,2.0,0
1618,3,0.0,-0.0,-0.0,0.0,3.0,0
1618,4,0.0,-0.0,-0.0,0.0,4.0,0
1618,5,0.0,-0.0,-0.0,0.0,5.0,0
1618,6,0.0,-0.0,-0.0,0.0,6.0,0
1618,7,0.0,-0.0,-0.0,0.0,7.0,0
1618,8,0.0,-0.0,-0.0,0.0,8.0,0
1618,9,0.0,-0.0,-0.0,0.0,9.0,0
1618,10,0.0,-0.0,0.0,0.0,10.0,0
1618,11,0.0,-0.0,-0.0,0.0,11.0,0
1618,12,0.0,-0.0,-0.0,0.0,12.0,0
1618,13,-0.0,0.0,-0.0,0.0,13.0,0
1618,14,1.0,1.0,-0.0,1.0,0.0,8.50
1618,15,1.0,-0.0,-0.0,2.0,0.0,8.50
1618,16,1.0,-0.0,0.0,3.0,0.0,8.50
1618,17,1.0,-0.0,0.0,4.0,0.0,8.50
1618,18,1.0,-0.0,0.0,5.0,0.0,8.50
1618,19,0.0,-0.0,1.0,0.0,1.0,0
1618,20,0.0,-0.0,-0.0,0.0,2.0,0
1618,21,0.0,-0.0,-0.0,0.0,3.0,0
1618,22,0.0,-0.0,-0.0,0.0,4.0,0
1618,23,0.0,-0.0,0.0,0.0,5.0,0
1618,24,0.0,-0.0,0.0,0.0,6.0,0
1618,25,0.0,-0.0,-0.0,0.0,7.0,0
1618,26,0.0,-0.0,-0.0,0.0,8.0,0
1618,27,0.0,-0.0,-0.0,0.0,9.0,0
1618,28,0.0,-0.0,-0.0,0.0,10.0,0
1618,29,0.0,-0.0,-0.0,0.0,11.0,0
1618,30,0.0,-0.0,-0.0,0.0,12.0,0
1618,31,0.0,-0.0,0.0,0.0,13.0,0
1618,32,0.0,-0.0,-0.0,0.0,14.0,0
1618,33,0.0,-0.0,-0.0,0.0,15.0,0
1618,34,0.0,-0.0,-0.0,0.0,16.0,0
1618,35,0.0,-0.0,-0.0,0.0,17.0,0
1618,36,0.0,-0.0,-0.0,0.0,18.0,0
1618,37,-0.0,-0.0,-0.0,0.0,19.0,0
1618,38,1.0,1.0,-0.0,1.0,0.0,8.50
1618,39,1.0,0.0,-0.0,2.0,0.0,8.50
1618,40,1.0,-0.0,-0.0,3.0,0.0,8.50
1618,41,1.0,-0.0,-0.0,4.0,0.0,8.50
1618,42,1.0,0.0,-0.0,5.0,0.0,8.50
1618,43,1.0,-0.0,0.0,6.0,0.0,8.50
1618,44,1.0,-0.0,-0.0,7.0,0.0,8.50
1618,45,1.0,-0.0,-0.0,8.0,0.0,8.50
1618,46,1.0,-0.0,-0.0,9.0,0.0,8.50
1618,47,0.0,-0.0,1.0,0.0,1.0,0
1618,48,0.0,-0.0,0.0,0.0,2.0,0
1619,1,-0.0,0.0,1.0,-0.0,1.0,0
1619,2,-0.0,-0.0,-0.0,-0.0,2.0,0
1619,3,-0.0,-0.0,-0.0,-0.0,3.0,0
1619,4,-0.0,-0.0,-0.0,-0.0,4.0,0
1619,5,-0.0,-0.0,-0.0,-0.0,5.0,0
1619,6,-0.0,-0.0,-0.0,-0.0,6.0,0
1619,7,-0.0,-0.0,-0.0,-0.0,7.0,0
1619,8,-0.0,-0.0,-0.0,-0.0,8.0,0
1619,9,0.0,-0.0,-0.0,0.0,9.0,0
1619,10,0.0,-0.0,0.0,0.0,10.0,0
1619,11,0.0,-0.0,-0.0,0.0,11.0,0
1619,12,0.0,-0.0,-0.0,0.0,12.0,0
1619,13,1.0,1.0,-0.0,1.0,0.0,46.00
1619,14,1.0,0.0,-0.0,2.0,0.0,46.00
1619,15,1.0,-0.0,-0.0,3.0,0.0,46.00
1619,16,1.0,-0.0,0.0,4.0,0.0,46.00
1619,17,1.0,-0.0,-0.0,5.0,0.0,46.00
1619,18,1.0,-0.0,0.0,6.0,0.0,46.00
1619,19,1.0,-0.0,-0.0,7.0,0.0,46.00
1619,20,1.0,-0.0,-0.0,8.0,0.0,46.00
1619,21,1.0,-0.0,-0.0,9.0,0.0,46.00
1619,22,1.0,-0.0,-0.0,10.0,0.0,46.00
1619,23,0.0,-0.0,1.0,0.0,1.0,0
1619,24,-0.0,-0.0,-0.0,0.0,2.0,0
1619,25,-0.0,-0.0,-0.0,0.0,3.0,0
1619,26,-0.0,-0.0,-0.0,0.0,4.0,0
1619,27,-0.0,-0.0,-0.0,0.0,5.0,0
1619,28,-0.0,-0.0,-0.0,0.0,6.0,0
1619,29,-0.0,-0.0,-0.0,0.0,7.0,0
1619,30,0.0,-0.0,-0.0,0.0,8.0,0
1619,31,-0.0,-0.0,-0.0,0.0,9.0,0
1619,32,-0.0,-0.0,-0.0,0.0,10.0,0
1619,33,-0.0,-0.0,-0.0,0.0,11.0,0
1619,34,0.0,-0.0,-0.0,0.0,12.0,0
1619,35,0.0,-0.0,-0.0,0.0,13.0,0
1619,36,0.0,-0.0,-0.0,0.0,14.0,0
1619,37,-0.0,0.0,-0.0,0.0,15.0,0
1619,38,1.0,1.0,-0.0,1.0,0.0,46.00
1619,39,1.0,-0.0,-0.0,2.0,0.0,46.00
1619,40,1.0,-0.0,-0.0,3.0,0.0,46.00
1619,41,1.0,-0.0,-0.0,4.0,0.0,46.00
1619,42,1.0,0.0,-0.0,5.0,0.0,46.00
1619,43,1.0,-0.0,0.0,6.0,0.0,46.00
1619,44,1.0,-0.0,-0.0,7.0,0.0,46.00
1619,45,1.0,-0.0,-0.0,8.0,0.0,46.00
1619,46,1.0,-0.0,-0.0,9.0,0.0,46.00
1619,47,0.0,-0.0,1.0,0.0,1.0,0
1619,48,0.0,-0.0,-0.0,0.0,2.0,0
1620,1,-0.0,0.0,1.0,-0.0,1.0,0
1620,2,-0.0,-0.0,-0.0,-0.0,2.0,0
1620,3,-0.0,-0.0,-0.0,-0.0,3.0,0
1620,4,-0.0,-0.0,-0.0,-0.0,4.0,0
1620,5,-0.0,-0.0,-0.0,-0.0,5.0,0
1620,6,-0.0,-0.0,-0.0,-0.0,6.0,0
1620,7,-0.0,-0.0,-0.0,-0.0,7.0,0
1620,8,-0.0,-0.0,-0.0,-0.0,8.0,0
1620,9,0.0,-0.0,-0.0,0.0,9.0,0
1620,10,0.0,-0.0,-0.0,0.0,10.0,0
1620,11,0.0,-0.0,-0.0,0.0,11.0,0
1620,12,0.0,-0.0,-0.0,0.0,12.0,0
1620,13,0.0,0.0,-0.0,0.0,13.0,0
1620,14,1.0,1.0,-0.0,1.0,0.0,6.00
1620,15,1.0,-0.0,-0.0,2.0,0.0,6.00
1620,16,1.0,-0.0,-0.0,3.0,0.0,6.00
1620,17,0.0,-0.0,1.0,0.0,1.0,0
1620,18,0.0,-0.0,0.0,0.0,2.0,0
1620,19,0.0,-0.0,0.0,0.0,3.0,0
1620,20,0.0,-0.0,-0.0,0.0,4.0,0
1620,21,0.0,-0.0,-0.0,0.0,5.0,0
1620,22,0.0,-0.0,-0.0,0.0,6.0,0
1620,23,0.0,-0.0,0.0,0.0,7.0,0
1620,24,-0.0,-0.0,-0.0,0.0,8.0,0
1620,25,-0.0,-0.0,-0.0,0.0,9.0,0
1620,26,-0.0,-0.0,-0.0,0.0,10.0,0
1620,27,-0.0,-0.0,-0.0,0.0,11.0,0
1620,28,-0.0,-0.0,-0.0,0.0,12.0,0
1620,29,0.0,-0.0,-0.0,0.0,13.0,0
1620,30,0.0,-0.0,-0.0,0.0,14.0,0
1620,31,-0.0,-0.0,0.0,0.0,15.0,0
1620,32,-0.0,-0.0,-0.0,0.0,16.0,0
1620,33,0.0,-0.0,-0.0,0.0,17.0,0
1620,34,0.0,-0.0,-0.0,0.0,18.0,0
1620,35,0.0,-0.0,-0.0,0.0,19.0,0
1620,36,0.0,-0.0,-0.0,0.0,20.0,0
1620,37,-0.0,-0.0,-0.0,0.0,21.0,0
1620,38,0.0,-0.0,-0.0,0.0,22.0,0
1620,39,1.0,1.0,-0.0,1.0,0.0,6.00
1620,40,1.0,-0.0,-0.0,2.0,0.0,6.00
1620,41,1.0,-0.0,-0.0,3.0,0.0,6.00
1620,42,1.0,0.0,-0.0,4.0,0.0,6.00
1620,43,1.0,-0.0,0.0,5.0,0.0,6.00
1620,44,1.0,-0.0,-0.0,6.0,0.0,6.00
1620,45,1.0,-0.0,-0.0,7.0,0.0,6.00
1620,46,1.0,-0.0,-0.0,8.0,0.0,6.00
1620,47,0.0,-0.0,1.0,0.0,1.0,0
1620,48,0.0,-0.0,-0.0,0.0,2.0,0
1621,1,-0.0,0.0,1.0,-0.0,1.0,0
1621,2,-0.0,-0.0,-0.0,-0.0,2.0,0
1621,3,-0.0,-0.0,-0.0,-0.0,3.0,0
1621,4,-0.0,-0.0,-0.0,-0.0,4.0,0
1621,5,-0.0,-0.0,-0.0,-0.0,5.0,0
1621,6,-0.0,-0.0,-0.0,-0.0,6.0,0
1621,7,-0.0,-0.0,-0.0,-0.0,7.0,0
1621,8,-0.0,-0.0,-0.0,-0.0,8.0,0
1621,9,0.0,-0.0,-0.0,0.0,9.0,0
1621,10,0.0,-0.0,-0.0,0.0,10.0,0
1621,11,0.0,-0.0,-0.0,0.0,11.0,0
1621,12,0.0,-0.0,-0.0,0.0,12.0,0
1621,13,1.0,1.0,-0.0,1.0,0.0,22.00
1621,14,1.0,-0.0,-0.0,2.0,0.0,22.00
1621,15,1.0,-0.0,-0.0,3.0,0.0,22.00
1621,16,1.0,-0.0,0.0,4.0,0.0,22.00
1621,17,1.0,-0.0,-0.0,5.0,0.0,22.00
1621,18,1.0,-0.0,0.0,6.0,0.0,22.00
1621,19,1.0,-0.0,0.0,7.0,0.0,22.00
1621,20,1.0,-0.0,-0.0,8.0,0.0,22.00
1621,21,1.0,-0.0,-0.0,9.0,0.0,22.00
1621,22,1.0,-0.0,-0.0,10.0,0.0,22.00
1621,23,0.0,-0.0,1.0,0.0,1.0,0
1621,24,-0.0,-0.0,-0.0,0.0,2.0,0
1621,25,-0.0,-0.0,-0.0,0.0,3.0,0
1621,26,-0.0,-0.0,-0.0,0.0,4.0,0
1621,27,-0.0,-0.0,-0.0,0.0,5.0,0
1621,28,-0.0,-0.0,-0.0,0.0,6.0,0
1621,29,-0.0,-0.0,-0.0,0.0,7.0,0
1621,30,0.0,-0.0,-0.0,0.0,8.0,0
1621,31,-0.0,-0.0,-0.0,0.0,9.0,0
1621,32,-0.0,-0.0,-0.0,0.0,10.0,0
1621,33,-0.0,-0.0,-0.0,0.0,11.0,0
1621,34,0.0,-0.0,-0.0,0.0,12.0,0
1621,35,0.0,-0.0,-0.0,0.0,13.0,0
1621,36,0.0,-0.0,-0.0,0.0,14.0,0
1621,37,0.0,-0.0,-0.0,0.0,15.0,0
1621,38,1.0,1.0,-0.0,1.0,0.0,22.00
1621,39,1.0,-0.0,-0.0,2.0,0.0,22.00
1621,40,1.0,-0.0,-0.0,3.0,0.0,22.00
1621,41,1.0,-0.0,-0.0,4.0,0.0,22.00
1621,42,1.0,0.0,-0.0,5.0,0.0,22.00
1621,43,1.0,-0.0,0.0,6.0,0.0,22.00
1621,44,1.0,-0.0,-0.0,7.0,0.0,22.00
1621,45,1.0,-0.0,-0.0,8.0,0.0,22.00
1621,46,1.0,-0.0,-0.0,9.0,0.0,22.00
1621,47,0.0,-0.0,1.0,0.0,1.0,0
1621,48,0.0,-0.0,-0.0,0.0,2.0,0
1622,1,-0.0,0.0,1.0,-0.0,1.0,0
1622,2,-0.0,-0.0,-0.0,-0.0,2.0,0
1622,3,-0.0,-0.0,-0.0,-0.0,3.0,0
1622,4,-0.0,-0.0,-0.0,-0.0,4.0,0
1622,5,-0.0,-0.0,-0.0,-0.0,5.0,0
1622,6,-0.0,-0.0,-0.0,-0.0,6.0,0
1622,7,-0.0,-0.0,-0.0,-0.0,7.0,0
1622,8,-0.0,-0.0,-0.0,-0.0,8.0,0
1622,9,0.0,-0.0,-0.0,0.0,9.0,0
1622,10,0.0,-0.0,-0.0,0.0,10.0,0
1622,11,0.0,-0.0,-0.0,0.0,11.0,0
1622,12,0.0,-0.0,-0.0,0.0,12.0,0
1622,13,1.0,1.0,-0.0,1.0,0.0,21.00
1622,14,1.0,0.0,-0.0,2.0,0.0,21.00
1622,15,1.0,-0.0,-0.0,3.0,0.0,21.00
1622,16,1.0,-0.0,0.0,4.0,0.0,21.00
1622,17,1.0,-0.0,-0.0,5.0,0.0,21.00
1622,18,1.0,-0.0,0.0,6.0,0.0,21.00
1622,19,1.0,-0.0,0.0,7.0,0.0,21.00
1622,20,1.0,-0.0,-0.0,8.0,0.0,21.00
1622,21,1.0,-0.0,-0.0,9.0,0.0,21.00
1622,22,1.0,-0.0,-0.0,10.0,0.0,21.00
1622,23,0.0,-0.0,1.0,0.0,1.0,0
1622,24,-0.0,-0.0,-0.0,0.0,2.0,0
1622,25,-0.0,-0.0,-0.0,0.0,3.0,0
1622,26,-0.0,-0.0,-0.0,0.0,4.0,0
1622,27,-0.0,-0.0,-0.0,0.0,5.0,0
1622,28,-0.0,-0.0,-0.0,0.0,6.0,0
1622,29,-0.0,-0.0,-0.0,0.0,7.0,0
1622,30,0.0,-0.0,-0.0,0.0,8.0,0
1622,31,-0.0,-0.0,-0.0,0.0,9.0,0
1622,32,-0.0,-0.0,-0.0,0.0,10.0,0
1622,33,-0.0,-0.0,-0.0,0.0,11.0,0
1622,34,0.0,-0.0,-0.0,0.0,12.0,0
1622,35,0.0,-0.0,-0.0,0.0,13.0,0
1622,36,0.0,-0.0,-0.0,0.0,14.0,0
1622,37,-0.0,-0.0,-0.0,0.0,15.0,0
1622,38,1.0,1.0,-0.0,1.0,0.0,21.00
1622,39,1.0,0.0,-0.0,2.0,0.0,21.00
1622,40,1.0,-0.0,-0.0,3.0,0.0,21.00
1622,41,1.0,-0.0,-0.0,4.0,0.0,21.00
1622,42,1.0,0.0,-0.0,5.0,0.0,21.00
1622,43,1.0,-0.0,0.0,6.0,0.0,21.00
1622,44,1.0,-0.0,-0.0,7.0,0.0,21.00
1622,45,1.0,-0.0,-0.0,8.0,0.0,21.00
1622,46,1.0,-0.0,-0.0,9.0,0.0,21.00
1622,47,0.0,-0.0,1.0,0.0,1.0,0
1622,48,0.0,-0.0,-0.0,0.0,2.0,0
1623,1,0.0,0.0,1.0,0.0,1.0,0
1623,2,0.0,-0.0,-0.0,0.0,2.0,0
1623,3,0.0,-0.0,-0.0,0.0,3.0,0
1623,4,0.0,-0.0,-0.0,0.0,4.0,0
1623,5,0.0,-0.0,-0.0,0.0,5.0,0
1623,6,0.0,-0.0,-0.0,0.0,6.0,0
1623,7,0.0,-0.0,-0.0,0.0,7.0,0
1623,8,0.0,-0.0,-0.0,0.0,8.0,0
1623,9,-0.0,-0.0,-0.0,0.0,9.0,0
1623,10,0.0,-0.0,0.0,0.0,10.0,0
1623,11,0.0,-0.0,0.0,0.0,11.0,0
1623,12,1.0,1.0,-0.0,1.0,0.0,60.50
1623,13,1.0,0.0,-0.0,2.0,0.0,0
1623,14,1.0,-0.0,-0.0,3.0,0.0,60.50
1623,15,1.0,-0.0,-0.0,4.0,0.0,60.50
1623,16,1.0,-0.0,-0.0,5.0,0.0,0
1623,17,1.0,-0.0,0.0,6.0,0.0,0
1623,18,1.0,-0.0,-0.0,7.0,0.0,0
1623,19,1.0,-0.0,-0.0,8.0,0.0,0
1623,20,1.0,-0.0,-0.0,9.0,0.0,60.50
1623,21,1.0,-0.0,-0.0,10.0,0.0,0
1623,22,1.0,-0.0,-0.0,11.0,0.0,12.10
1623,23,1.0,-0.0,0.0,12.0,0.0,60.50
1623,24,0.0,-0.0,1.0,0.0,1.0,0
1623,25,0.0,-0.0,-0.0,0.0,2.0,0
1623,26,0.0,-0.0,-0.0,0.0,3.0,0
1623,27,0.0,-0.0,-0.0,0.0,4.0,0
1623,28,0.0,-0.0,-0.0,0.0,5.0,0
1623,29,0.0,-0.0,-0.0,0.0,6.0,0
1623,30,-0.0,0.0,-0.0,0.0,7.0,0
1623,31,0.0,-0.0,0.0,0.0,8.0,0
1623,32,0.0,-0.0,-0.0,0.0,9.0,0
1623,33,0.0,-0.0,-0.0,0.0,10.0,0
1623,34,0.0,-0.0,-0.0,0.0,11.0,0
1623,35,0.0,-0.0,-0.0,0.0,12.0,0
1623,36,0.0,-0.0,-0.0,0.0,13.0,0
1623,37,-0.0,0.0,-0.0,0.0,14.0,0
1623,38,1.0,1.0,-0.0,1.0,0.0,60.50
1623,39,1.0,-0.0,-0.0,2.0,0.0,60.50
1623,40,1.0,-0.0,-0.0,3.0,0.0,60.50
1623,41,1.0,-0.0,-0.0,4.0,0.0,60.50
1623,42,1.0,-0.0,-0.0,5.0,0.0,0
1623,43,1.0,-0.0,-0.0,6.0,0.0,0
1623,44,1.0,-0.0,-0.0,7.0,0.0,0
1623,45,1.0,-0.0,-0.0,8.0,0.0,0
1623,46,1.0,-0.0,-0.0,9.0,0.0,0
1623,47,1.0,-0.0,0.0,10.0,0.0,0
1623,48,1.0,0.0,-0.0,11.0,0.0,60.50
1624,1,-0.0,0.0,1.0,-0.0,1.0,0
1624,2,-0.0,-0.0,-0.0,-0.0,2.0,0
1624,3,-0.0,-0.0,-0.0,-0.0,3.0,0
1624,4,-0.0,-0.0,-0.0,-0.0,4.0,0
1624,5,-0.0,-0.0,-0.0,-0.0,5.0,0
1624,6,-0.0,-0.0,-0.0,-0.0,6.0,0
1624,7,-0.0,-0.0,-0.0,-0.0,7.0,0
1624,8,-0.0,-0.0,-0.0,-0.0,8.0,0
1624,9,0.0,-0.0,-0.0,0.0,9.0,0
1624,10,0.0,-0.0,-0.0,0.0,10.0,0
1624,11,0.0,-0.0,-0.0,0.0,11.0,0
1624,12,0.0,-0.0,-0.0,0.0,12.0,0
1624,13,1.0,1.0,-0.0,1.0,0.0,88.50
1624,14,1.0,0.0,-0.0,2.0,0.0,88.50
1624,15,1.0,-0.0,-0.0,3.0,0.0,88.50
1624,16,1.0,-0.0,-0.0,4.0,0.0,88.50
1624,17,1.0,-0.0,0.0,5.0,0.0,88.50
1624,18,1.0,-0.0,-0.0,6.0,0.0,88.50
1624,19,1.0,-0.0,-0.0,7.0,0.0,88.50
1624,20,1.0,-0.0,-0.0,8.0,0.0,88.50
1624,21,1.0,-0.0,-0.0,9.0,0.0,88.50
1624,22,1.0,-0.0,-0.0,10.0,0.0,88.50
1624,23,-0.0,-0.0,1.0,-0.0,1.0,0
1624,24,0.0,-0.0,-0.0,0.0,2.0,0
1624,25,-0.0,-0.0,-0.0,0.0,3.0,0
1624,26,-0.0,-0.0,-0.0,0.0,4.0,0
1624,27,-0.0,-0.0,-0.0,0.0,5.0,0
1624,28,-0.0,-0.0,-0.0,0.0,6.0,0
1624,29,-0.0,-0.0,-0.0,0.0,7.0,0
1624,30,0.0,-0.0,-0.0,0.0,8.0,0
1624,31,-0.0,-0.0,-0.0,0.0,9.0,0
1624,32,-0.0,-0.0,-0.0,0.0,10.0,0
1624,33,-0.0,-0.0,-0.0,0.0,11.0,0
1624,34,-0.0,-0.0,-0.0,0.0,12.0,0
1624,35,0.0,-0.0,-0.0,0.0,13.0,0
1624,36,0.0,-0.0,-0.0,0.0,14.0,0
1624,37,-0.0,-0.0,-0.0,0.0,15.0,0
1624,38,0.0,-0.0,-0.0,0.0,16.0,0
1624,39,1.0,1.0,-0.0,1.0,0.0,88.50
1624,40,1.0,-0.0,-0.0,2.0,0.0,88.50
1624,41,1.0,-0.0,-0.0,3.0,0.0,88.50
1624,42,1.0,0.0,-0.0,4.0,0.0,88.50
1624,43,1.0,-0.0,0.0,5.0,0.0,88.50
1624,44,0.0,-0.0,1.0,0.0,1.0,0
1624,45,-0.0,-0.0,-0.0,0.0,2.0,0
1624,46,0.0,-0.0,0.0,0.0,3.0,0
1624,47,-0.0,-0.0,0.0,0.0,4.0,0
1624,48,0.0,-0.0,-0.0,0.0,5.0,0
1625,1,-0.0,0.0,1.0,-0.0,1.0,0
1625,2,-0.0,-0.0,-0.0,-0.0,2.0,0
1625,3,-0.0,-0.0,-0.0,-0.0,3.0,0
1625,4,-0.0,-0.0,-0.0,-0.0,4.0,0
1625,5,-0.0,-0.0,-0.0,-0.0,5.0,0
1625,6,-0.0,-0.0,-0.0,-0.0,6.0,0
1625,7,-0.0,-0.0,-0.0,-0.0,7.0,0
1625,8,-0.0,-0.0,-0.0,-0.0,8.0,0
1625,9,0.0,-0.0,-0.0,0.0,9.0,0
1625,10,0.0,-0.0,-0.0,0.0,10.0,0
1625,11,0.0,-0.0,-0.0,0.0,11.0,0
1625,12,0.0,-0.0,-0.0,0.0,12.0,0
1625,13,-0.0,0.0,-0.0,0.0,13.0,0
1625,14,-0.0,0.0,-0.0,0.0,14.0,0
1625,15,-0.0,-0.0,-0.0,0.0,15.0,0
1625,16,-0.0,-0.0,0.0,0.0,16.0,0
1625,17,0.0,-0.0,0.0,0.0,17.0,0
1625,18,0.0,-0.0,0.0,0.0,18.0,0
1625,19,0.0,-0.0,0.0,0.0,19.0,0
1625,20,0.0,-0.0,-0.0,0.0,20.0,0
1625,21,0.0,-0.0,-0.0,0.0,21.0,0
1625,22,0.0,-0.0,-0.0,0.0,22.0,0
1625,23,-0.0,-0.0,-0.0,0.0,23.0,0
1625,24,-0.0,-0.0,-0.0,0.0,24.0,0
1625,25,-0.0,-0.0,-0.0,0.0,25.0,0
1625,26,-0.0,-0.0,-0.0,0.0,26.0,0
1625,27,-0.0,-0.0,-0.0,0.0,27.0,0
1625,28,-0.0,-0.0,-0.0,0.0,28.0,0
1625,29,-0.0,-0.0,-0.0,0.0,29.0,0
1625,30,0.0,-0.0,-0.0,0.0,30.0,0
1625,31,-0.0,-0.0,-0.0,0.0,31.0,0
1625,32,-0.0,-0.0,-0.0,0.0,32.0,0
1625,33,-0.0,-0.0,-0.0,0.0,33.0,0
1625,34,0.0,-0.0,-0.0,0.0,34.0,0
1625,35,0.0,-0.0,-0.0,0.0,35.0,0
1625,36,0.0,-0.0,-0.0,0.0,36.0,0
1625,37,0.0,-0.0,-0.0,0.0,37.0,0
1625,38,0.0,-0.0,-0.0,0.0,38.0,0
1625,39,0.0,0.0,-0.0,0.0,39.0,0
1625,40,-0.0,-0.0,-0.0,0.0,40.0,0
1625,41,1.0,1.0,-0.0,1.0,0.0,58.11
1625,42,1.0,0.0,-0.0,2.0,0.0,60.00
1625,43,1.0,-0.0,0.0,3.0,0.0,55.46
1625,44,1.0,-0.0,-0.0,4.0,0.0,60.00
1625,45,1.0,-0.0,-0.0,5.0,0.0,60.00
1625,46,1.0,-0.0,-0.0,6.0,0.0,60.00
1625,47,-0.0,-0.0,1.0,-0.0,1.0,0
1625,48,0.0,-0.0,-0.0,0.0,2.0,0
1626,1,1.0,0.0,0.0,201.0,0.0,60.00
1626,2,1.0,-0.0,-0.0,202.0,0.0,60.00
1626,3,1.0,-0.0,-0.0,203.0,0.0,60.00
1626,4,1.0,-0.0,-0.0,204.0,0.0,0
1626,5,1.0,-0.0,-0.0,205.0,0.0,60.00
1626,6,1.0,-0.0,-0.0,206.0,0.0,60.00
1626,7,1.0,-0.0,-0.0,207.0,0.0,60.00
1626,8,1.0,-0.0,-0.0,208.0,0.0,60.00
1626,9,1.0,-0.0,-0.0,209.0,0.0,60.00
1626,10,1.0,-0.0,-0.0,210.0,0.0,60.00
1626,11,1.0,-0.0,-0.0,211.0,0.0,60.00
1626,12,1.0,-0.0,-0.0,212.0,0.0,60.00
1626,13,1.0,-0.0,-0.0,213.0,0.0,0
1626,14,1.0,-0.0,-0.0,214.0,0.0,0
1626,15,1.0,-0.0,-0.0,215.0,0.0,0
1626,16,1.0,-0.0,-0.0,216.0,0.0,0
1626,17,1.0,-0.0,-0.0,217.0,0.0,0
1626,18,1.0,-0.0,-0.0,218.0,0.0,0
1626,19,1.0,-0.0,-0.0,219.0,0.0,0
1626,20,1.0,-0.0,-0.0,220.0,0.0,0
1626,21,1.0,-0.0,-0.0,221.0,0.0,0
1626,22,1.0,-0.0,-0.0,222.0,0.0,0
1626,23,1.0,-0.0,-0.0,223.0,0.0,60.00
1626,24,1.0,-0.0,-0.0,224.0,0.0,60.00
1626,25,1.0,-0.0,-0.0,225.0,0.0,60.00
1626,26,1.0,-0.0,-0.0,226.0,0.0,60.00
1626,27,1.0,-0.0,-0.0,227.0,0.0,60.00
1626,28,1.0,-0.0,-0.0,228.0,0.0,60.00
1626,29,1.0,-0.0,-0.0,229.0,0.0,60.00
1626,30,1.0,-0.0,-0.0,230.0,0.0,60.00
1626,31,1.0,-0.0,-0.0,231.0,0.0,60.00
1626,32,1.0,-0.0,-0.0,232.0,0.0,60.00
1626,33,1.0,-0.0,-0.0,233.0,0.0,60.00
1626,34,1.0,-0.0,-0.0,234.0,0.0,60.00
1626,35,1.0,-0.0,-0.0,235.0,0.0,60.00
1626,36,1.0,-0.0,-0.0,236.0,0.0,60.00
1626,37,1.0,-0.0,-0.0,237.0,0.0,60.00
1626,38,1.0,-0.0,-0.0,238.0,0.0,0
1626,39,1.0,-0.0,-0.0,239.0,0.0,0
1626,40,1.0,-0.0,-0.0,240.0,0.0,0
1626,41,1.0,-0.0,-0.0,241.0,0.0,0
1626,42,1.0,-0.0,-0.0,242.0,0.0,0
1626,43,1.0,-0.0,-0.0,243.0,0.0,0
1626,44,1.0,-0.0,-0.0,244.0,0.0,0
1626,45,1.0,-0.0,-0.0,245.0,0.0,0
1626,46,1.0,-0.0,-0.0,246.0,0.0,12.00
1626,47,1.0,-0.0,0.0,247.0,0.0,60.00
1626,48,-0.0,-0.0,1.0,-0.0,1.0,0
1627,1,1.0,0.0,0.0,201.0,0.0,272.50
1627,2,1.0,-0.0,-0.0,202.0,0.0,238.73
1627,3,1.0,-0.0,-0.0,203.0,0.0,272.50
1627,4,1.0,-0.0,-0.0,204.0,0.0,12.71
1627,5,1.0,-0.0,-0.0,205.0,0.0,272.50
1627,6,1.0,-0.0,-0.0,206.0,0.0,272.50
1627,7,1.0,-0.0,-0.0,207.0,0.0,272.50
1627,8,1.0,-0.0,-0.0,208.0,0.0,272.50
1627,9,1.0,-0.0,-0.0,209.0,0.0,272.50
1627,10,1.0,-0.0,-0.0,210.0,0.0,272.50
1627,11,1.0,-0.0,-0.0,211.0,0.0,272.50
1627,12,1.0,-0.0,-0.0,212.0,0.0,232.45
1627,13,1.0,-0.0,-0.0,213.0,0.0,272.50
1627,14,1.0,-0.0,-0.0,214.0,0.0,0
1627,15,1.0,-0.0,-0.0,215.0,0.0,0
1627,16,1.0,-0.0,-0.0,216.0,0.0,0
1627,17,1.0,-0.0,-0.0,217.0,0.0,0
1627,18,1.0,-0.0,-0.0,218.0,0.0,0
1627,19,1.0,-0.0,-0.0,219.0,0.0,0
1627,20,1.0,-0.0,-0.0,220.0,0.0,0
1627,21,1.0,-0.0,-0.0,221.0,0.0,0
1627,22,1.0,-0.0,-0.0,222.0,0.0,252.00
1627,23,1.0,-0.0,-0.0,223.0,0.0,272.50
1627,24,1.0,-0.0,-0.0,224.0,0.0,272.50
1627,25,1.0,-0.0,-0.0,225.0,0.0,272.50
1627,26,1.0,-0.0,-0.0,226.0,0.0,272.50
1627,27,1.0,-0.0,-0.0,227.0,0.0,272.50
1627,28,1.0,-0.0,-0.0,228.0,0.0,272.50
1627,29,1.0,-0.0,-0.0,229.0,0.0,272.50
1627,30,1.0,-0.0,-0.0,230.0,0.0,272.50
1627,31,1.0,-0.0,-0.0,231.0,0.0,272.50
1627,32,1.0,-0.0,-0.0,232.0,0.0,272.50
1627,33,1.0,-0.0,-0.0,233.0,0.0,272.50
1627,34,1.0,-0.0,-0.0,234.0,0.0,272.50
1627,35,1.0,-0.0,-0.0,235.0,0.0,272.50
1627,36,1.0,-0.0,-0.0,236.0,0.0,272.50
1627,37,1.0,-0.0,-0.0,237.0,0.0,272.50
1627,38,1.0,-0.0,-0.0,238.0,0.0,0
1627,39,1.0,-0.0,-0.0,239.0,0.0,0
1627,40,1.0,-0.0,-0.0,240.0,0.0,0
1627,41,1.0,-0.0,-0.0,241.0,0.0,0
1627,42,1.0,-0.0,-0.0,242.0,0.0,0
1627,43,1.0,-0.0,-0.0,243.0,0.0,0
1627,44,1.0,-0.0,-0.0,244.0,0.0,0
1627,45,1.0,-0.0,-0.0,245.0,0.0,0
1627,46,1.0,-0.0,-0.0,246.0,0.0,0
1627,47,1.0,-0.0,-0.0,247.0,0.0,272.50
1627,48,1.0,-0.0,-0.0,248.0,0.0,272.50
1628,1,1.0,0.0,0.0,201.0,0.0,60.00
1628,2,1.0,-0.0,-0.0,202.0,0.0,60.00
1628,3,1.0,-0.0,-0.0,203.0,0.0,0
1628,4,1.0,-0.0,-0.0,204.0,0.0,0
1628,5,1.0,-0.0,-0.0,205.0,0.0,60.00
1628,6,1.0,-0.0,-0.0,206.0,0.0,60.00
1628,7,1.0,-0.0,-0.0,207.0,0.0,60.00
1628,8,1.0,-0.0,-0.0,208.0,0.0,60.00
1628,9,1.0,-0.0,-0.0,209.0,0.0,60.00
1628,10,1.0,-0.0,-0.0,210.0,0.0,7.89
1628,11,1.0,-0.0,-0.0,211.0,0.0,60.00
1628,12,1.0,-0.0,-0.0,212.0,0.0,12.00
1628,13,1.0,-0.0,-0.0,213.0,0.0,0
1628,14,1.0,-0.0,-0.0,214.0,0.0,0
1628,15,1.0,-0.0,-0.0,215.0,0.0,0
1628,16,1.0,-0.0,-0.0,216.0,0.0,60.00
1628,17,1.0,-0.0,-0.0,217.0,0.0,60.00
1628,18,1.0,-0.0,-0.0,218.0,0.0,60.00
1628,19,1.0,-0.0,-0.0,219.0,0.0,0
1628,20,1.0,-0.0,-0.0,220.0,0.0,0
1628,21,1.0,-0.0,-0.0,221.0,0.0,0
1628,22,1.0,-0.0,-0.0,222.0,0.0,0
1628,23,1.0,-0.0,-0.0,223.0,0.0,60.00
1628,24,1.0,-0.0,-0.0,224.0,0.0,60.00
1628,25,1.0,-0.0,-0.0,225.0,0.0,60.00
1628,26,1.0,-0.0,-0.0,226.0,0.0,0
1628,27,1.0,-0.0,-0.0,227.0,0.0,0
1628,28,1.0,-0.0,-0.0,228.0,0.0,60.00
1628,29,1.0,-0.0,-0.0,229.0,0.0,0
1628,30,1.0,-0.0,-0.0,230.0,0.0,60.00
1628,31,1.0,-0.0,-0.0,231.0,0.0,60.00
1628,32,1.0,-0.0,-0.0,232.0,0.0,60.00
1628,33,1.0,-0.0,-0.0,233.0,0.0,60.00
1628,34,1.0,-0.0,-0.0,234.0,0.0,0
1628,35,1.0,-0.0,-0.0,235.0,0.0,60.00
1628,36,1.0,-0.0,-0.0,236.0,0.0,60.00
1628,37,1.0,-0.0,-0.0,237.0,0.0,60.00
1628,38,1.0,-0.0,-0.0,238.0,0.0,60.00
1628,39,1.0,-0.0,-0.0,239.0,0.0,0
1628,40,1.0,-0.0,-0.0,240.0,0.0,60.00
1628,41,1.0,-0.0,-0.0,241.0,0.0,0
1628,42,1.0,-0.0,-0.0,242.0,0.0,0
1628,43,1.0,-0.0,-0.0,243.0,0.0,0
1628,44,1.0,-0.0,-0.0,244.0,0.0,0
1628,45,1.0,-0.0,-0.0,245.0,0.0,0
1628,46,1.0,-0.0,-0.0,246.0,0.0,12.00
1628,47,1.0,-0.0,0.0,247.0,0.0,60.00
1628,48,-0.0,-0.0,1.0,-0.0,1.0,0
1629,1,1.0,0.0,0.0,201.0,0.0,111.45
1629,2,1.0,-0.0,-0.0,202.0,0.0,270.50
1629,3,1.0,-0.0,-0.0,203.0,0.0,270.50
1629,4,1.0,-0.0,-0.0,204.0,0.0,270.50
1629,5,1.0,-0.0,-0.0,205.0,0.0,94.92
1629,6,1.0,-0.0,-0.0,206.0,0.0,43.45
1629,7,1.0,-0.0,-0.0,207.0,0.0,213.78
1629,8,1.0,-0.0,-0.0,208.0,0.0,270.50
1629,9,1.0,-0.0,-0.0,209.0,0.0,270.50
1629,10,1.0,-0.0,-0.0,210.0,0.0,0
1629,11,1.0,-0.0,-0.0,211.0,0.0,270.50
1629,12,1.0,-0.0,-0.0,212.0,0.0,270.50
1629,13,1.0,-0.0,-0.0,213.0,0.0,232.38
1629,14,1.0,-0.0,-0.0,214.0,0.0,203.36
1629,15,1.0,-0.0,-0.0,215.0,0.0,85.26
1629,16,1.0,-0.0,-0.0,216.0,0.0,55.50
1629,17,1.0,-0.0,-0.0,217.0,0.0,113.49
1629,18,1.0,-0.0,-0.0,218.0,0.0,62.00
1629,19,1.0,-0.0,-0.0,219.0,0.0,191.50
1629,20,1.0,-0.0,-0.0,220.0,0.0,191.50
1629,21,1.0,-0.0,-0.0,221.0,0.0,191.50
1629,22,1.0,-0.0,-0.0,222.0,0.0,0
1629,23,1.0,-0.0,-0.0,223.0,0.0,270.50
1629,24,1.0,-0.0,-0.0,224.0,0.0,253.38
1629,25,1.0,-0.0,-0.0,225.0,0.0,130.38
1629,26,1.0,-0.0,-0.0,226.0,0.0,106.80
1629,27,1.0,-0.0,-0.0,227.0,0.0,99.97
1629,28,1.0,-0.0,-0.0,228.0,0.0,50.95
1629,29,1.0,-0.0,-0.0,229.0,0.0,177.17
1629,30,1.0,-0.0,-0.0,230.0,0.0,270.50
1629,31,1.0,-0.0,-0.0,231.0,0.0,270.50
1629,32,1.0,-0.0,-0.0,232.0,0.0,270.50
1629,33,1.0,-0.0,-0.0,233.0,0.0,270.50
1629,34,1.0,-0.0,-0.0,234.0,0.0,239.17
1629,35,1.0,-0.0,-0.0,235.0,0.0,270.50
1629,36,1.0,-0.0,-0.0,236.0,0.0,0
1629,37,1.0,-0.0,-0.0,237.0,0.0,270.50
1629,38,1.0,-0.0,-0.0,238.0,0.0,150.50
1629,39,1.0,-0.0,-0.0,239.0,0.0,127.97
1629,40,1.0,-0.0,-0.0,240.0,0.0,103.00
1629,41,1.0,-0.0,-0.0,241.0,0.0,270.50
1629,42,1.0,-0.0,-0.0,242.0,0.0,0
1629,43,1.0,-0.0,-0.0,243.0,0.0,194.03
1629,44,1.0,-0.0,-0.0,244.0,0.0,252.00
1629,45,1.0,-0.0,-0.0,245.0,0.0,270.50
1629,46,1.0,-0.0,-0.0,246.0,0.0,120.50
1629,47,1.0,-0.0,-0.0,247.0,0.0,270.50
1629,48,1.0,-0.0,-0.0,248.0,0.0,270.50
1631,1,1.0,0.0,0.0,201.0,0.0,0
1631,2,1.0,-0.0,-0.0,202.0,0.0,0
1631,3,1.0,-0.0,-0.0,203.0,0.0,0
1631,4,1.0,-0.0,-0.0,204.0,0.0,0
1631,5,1.0,-0.0,-0.0,205.0,0.0,0
1631,6,1.0,-0.0,-0.0,206.0,0.0,60.50
1631,7,1.0,-0.0,-0.0,207.0,0.0,0
1631,8,1.0,-0.0,-0.0,208.0,0.0,60.50
1631,9,1.0,-0.0,-0.0,209.0,0.0,60.50
1631,10,1.0,-0.0,-0.0,210.0,0.0,60.50
1631,11,1.0,-0.0,-0.0,211.0,0.0,60.50
1631,12,1.0,-0.0,-0.0,212.0,0.0,60.50
1631,13,1.0,-0.0,-0.0,213.0,0.0,0
1631,14,1.0,-0.0,-0.0,214.0,0.0,0
1631,15,1.0,-0.0,-0.0,215.0,0.0,60.50
1631,16,1.0,-0.0,-0.0,216.0,0.0,60.50
1631,17,1.0,-0.0,-0.0,217.0,0.0,60.50
1631,18,1.0,-0.0,-0.0,218.0,0.0,60.50
1631,19,1.0,-0.0,-0.0,219.0,0.0,60.50
1631,20,1.0,-0.0,-0.0,220.0,0.0,60.50
1631,21,1.0,-0.0,-0.0,221.0,0.0,60.50
1631,22,1.0,-0.0,-0.0,222.0,0.0,0
1631,23,1.0,-0.0,-0.0,223.0,0.0,60.50
1631,24,1.0,-0.0,-0.0,224.0,0.0,60.50
1631,25,1.0,-0.0,-0.0,225.0,0.0,0
1631,26,1.0,-0.0,-0.0,226.0,0.0,60.50
1631,27,1.0,-0.0,-0.0,227.0,0.0,60.50
1631,28,1.0,-0.0,-0.0,228.0,0.0,60.50
1631,29,1.0,-0.0,-0.0,229.0,0.0,0
1631,30,1.0,-0.0,-0.0,230.0,0.0,60.50
1631,31,1.0,-0.0,-0.0,231.0,0.0,60.50
1631,32,1.0,-0.0,-0.0,232.0,0.0,60.50
1631,33,1.0,-0.0,-0.0,233.0,0.0,60.50
1631,34,1.0,-0.0,-0.0,234.0,0.0,0
1631,35,1.0,-0.0,-0.0,235.0,0.0,60.50
1631,36,1.0,-0.0,-0.0,236.0,0.0,35.10
1631,37,1.0,-0.0,-0.0,237.0,0.0,12.10
1631,38,1.0,-0.0,-0.0,238.0,0.0,60.50
1631,39,1.0,-0.0,-0.0,239.0,0.0,0
1631,40,1.0,-0.0,-0.0,240.0,0.0,60.50
1631,41,1.0,-0.0,-0.0,241.0,0.0,0
1631,42,1.0,-0.0,-0.0,242.0,0.0,60.50
1631,43,1.0,-0.0,-0.0,243.0,0.0,0
1631,44,1.0,-0.0,-0.0,244.0,0.0,0
1631,45,1.0,-0.0,-0.0,245.0,0.0,60.50
1631,46,1.0,-0.0,-0.0,246.0,0.0,60.50
1631,47,1.0,-0.0,-0.0,247.0,0.0,60.50
1631,48,1.0,-0.0,-0.0,248.0,0.0,60.50
1633,1,1.0,0.0,0.0,201.0,0.0,0
1633,2,1.0,-0.0,-0.0,202.0,0.0,0
1633,3,1.0,-0.0,-0.0,203.0,0.0,47.00
1633,4,1.0,-0.0,-0.0,204.0,0.0,47.00
1633,5,1.0,-0.0,-0.0,205.0,0.0,47.00
1633,6,1.0,-0.0,-0.0,206.0,0.0,47.00
1633,7,1.0,-0.0,-0.0,207.0,0.0,47.00
1633,8,1.0,-0.0,-0.0,208.0,0.0,47.00
1633,9,1.0,-0.0,-0.0,209.0,0.0,47.00
1633,10,1.0,-0.0,-0.0,210.0,0.0,47.00
1633,11,1.0,-0.0,-0.0,211.0,0.0,47.00
1633,12,1.0,-0.0,-0.0,212.0,0.0,47.00
1633,13,1.0,-0.0,-0.0,213.0,0.0,0
1633,14,1.0,-0.0,-0.0,214.0,0.0,0
1633,15,1.0,-0.0,-0.0,215.0,0.0,47.00
1633,16,1.0,-0.0,-0.0,216.0,0.0,47.00
1633,17,1.0,-0.0,-0.0,217.0,0.0,47.00
1633,18,1.0,-0.0,-0.0,218.0,0.0,47.00
1633,19,1.0,-0.0,-0.0,219.0,0.0,0
1633,20,1.0,-0.0,-0.0,220.0,0.0,0
1633,21,1.0,-0.0,-0.0,221.0,0.0,47.00
1633,22,1.0,-0.0,-0.0,222.0,0.0,47.00
1633,23,1.0,-0.0,-0.0,223.0,0.0,47.00
1633,24,1.0,-0.0,-0.0,224.0,0.0,47.00
1633,25,1.0,-0.0,-0.0,225.0,0.0,47.00
1633,26,1.0,-0.0,-0.0,226.0,0.0,0
1633,27,1.0,-0.0,-0.0,227.0,0.0,47.00
1633,28,1.0,-0.0,-0.0,228.0,0.0,0
1633,29,1.0,-0.0,-0.0,229.0,0.0,47.00
1633,30,1.0,-0.0,-0.0,230.0,0.0,47.00
1633,31,1.0,-0.0,-0.0,231.0,0.0,47.00
1633,32,1.0,-0.0,-0.0,232.0,0.0,47.00
1633,33,1.0,-0.0,-0.0,233.0,0.0,47.00
1633,34,1.0,-0.0,-0.0,234.0,0.0,0
1633,35,1.0,-0.0,-0.0,235.0,0.0,47.00
1633,36,1.0,-0.0,-0.0,236.0,0.0,47.00
1633,37,1.0,-0.0,-0.0,237.0,0.0,16.22
1633,38,1.0,-0.0,-0.0,238.0,0.0,47.00
1633,39,1.0,-0.0,-0.0,239.0,0.0,47.00
1633,40,1.0,-0.0,-0.0,240.0,0.0,47.00
1633,41,1.0,-0.0,-0.0,241.0,0.0,0
1633,42,1.0,-0.0,-0.0,242.0,0.0,47.00
1633,43,1.0,-0.0,-0.0,243.0,0.0,0
1633,44,1.0,-0.0,-0.0,244.0,0.0,47.00
1633,45,1.0,-0.0,-0.0,245.0,0.0,0
1633,46,1.0,-0.0,-0.0,246.0,0.0,47.00
1633,47,1.0,-0.0,0.0,247.0,0.0,47.00
1633,48,-0.0,-0.0,1.0,-0.0,1.0,0
1634,1,1.0,0.0,0.0,201.0,0.0,47.00
1634,2,1.0,-0.0,-0.0,202.0,0.0,0
1634,3,1.0,-0.0,-0.0,203.0,0.0,47.00
1634,4,1.0,-0.0,-0.0,204.0,0.0,47.00
1634,5,1.0,-0.0,-0.0,205.0,0.0,0
1634,6,1.0,-0.0,-0.0,206.0,0.0,47.00
1634,7,1.0,-0.0,-0.0,207.0,0.0,47.00
1634,8,1.0,-0.0,-0.0,208.0,0.0,47.00
1634,9,1.0,-0.0,-0.0,209.0,0.0,47.00
1634,10,1.0,-0.0,-0.0,210.0,0.0,47.00
1634,11,1.0,-0.0,-0.0,211.0,0.0,47.00
1634,12,1.0,-0.0,-0.0,212.0,0.0,47.00
1634,13,1.0,-0.0,-0.0,213.0,0.0,47.00
1634,14,1.0,-0.0,-0.0,214.0,0.0,0
1634,15,1.0,-0.0,-0.0,215.0,0.0,0
1634,16,1.0,-0.0,-0.0,216.0,0.0,47.00
1634,17,1.0,-0.0,-0.0,217.0,0.0,47.00
1634,18,1.0,-0.0,-0.0,218.0,0.0,47.00
1634,19,1.0,-0.0,-0.0,219.0,0.0,47.00
1634,20,1.0,-0.0,-0.0,220.0,0.0,47.00
1634,21,1.0,-0.0,-0.0,221.0,0.0,47.00
1634,22,1.0,-0.0,-0.0,222.0,0.0,47.00
1634,23,1.0,-0.0,-0.0,223.0,0.0,47.00
1634,24,1.0,-0.0,-0.0,224.0,0.0,47.00
1634,25,1.0,-0.0,-0.0,225.0,0.0,47.00
1634,26,1.0,-0.0,-0.0,226.0,0.0,0
1634,27,1.0,-0.0,-0.0,227.0,0.0,0
1634,28,1.0,-0.0,-0.0,228.0,0.0,47.00
1634,29,1.0,-0.0,-0.0,229.0,0.0,0
1634,30,1.0,-0.0,-0.0,230.0,0.0,47.00
1634,31,1.0,-0.0,-0.0,231.0,0.0,47.00
1634,32,1.0,-0.0,-0.0,232.0,0.0,47.00
1634,33,1.0,-0.0,-0.0,233.0,0.0,47.00
1634,34,1.0,-0.0,-0.0,234.0,0.0,0
1634,35,1.0,-0.0,-0.0,235.0,0.0,47.00
1634,36,1.0,-0.0,-0.0,236.0,0.0,47.00
1634,37,1.0,-0.0,-0.0,237.0,0.0,47.00
1634,38,1.0,-0.0,-0.0,238.0,0.0,47.00
1634,39,1.0,-0.0,-0.0,239.0,0.0,47.00
1634,40,1.0,-0.0,-0.0,240.0,0.0,0
1634,41,1.0,-0.0,-0.0,241.0,0.0,0
1634,42,1.0,-0.0,-0.0,242.0,0.0,9.91
1634,43,1.0,-0.0,-0.0,243.0,0.0,47.00
1634,44,1.0,-0.0,-0.0,244.0,0.0,0
1634,45,1.0,-0.0,-0.0,245.0,0.0,15.00
1634,46,1.0,-0.0,-0.0,246.0,0.0,47.00
1634,47,1.0,-0.0,0.0,247.0,0.0,47.00
1634,48,-0.0,-0.0,1.0,-0.0,1.0,0
1635,1,1.0,0.0,0.0,201.0,0.0,47.00
1635,2,1.0,-0.0,-0.0,202.0,0.0,47.00
1635,3,1.0,-0.0,-0.0,203.0,0.0,47.00
1635,4,1.0,-0.0,-0.0,204.0,0.0,47.00
1635,5,1.0,-0.0,-0.0,205.0,0.0,47.00
1635,6,1.0,-0.0,-0.0,206.0,0.0,47.00
1635,7,1.0,-0.0,-0.0,207.0,0.0,47.00
1635,8,1.0,-0.0,-0.0,208.0,0.0,47.00
1635,9,1.0,-0.0,-0.0,209.0,0.0,47.00
1635,10,1.0,-0.0,-0.0,210.0,0.0,47.00
1635,11,1.0,-0.0,-0.0,211.0,0.0,47.00
1635,12,1.0,-0.0,-0.0,212.0,0.0,47.00
1635,13,1.0,-0.0,-0.0,213.0,0.0,0
1635,14,1.0,-0.0,-0.0,214.0,0.0,47.00
1635,15,1.0,-0.0,-0.0,215.0,0.0,0
1635,16,1.0,-0.0,-0.0,216.0,0.0,47.00
1635,17,1.0,-0.0,-0.0,217.0,0.0,47.00
1635,18,1.0,-0.0,-0.0,218.0,0.0,47.00
1635,19,1.0,-0.0,-0.0,219.0,0.0,47.00
1635,20,1.0,-0.0,-0.0,220.0,0.0,47.00
1635,21,1.0,-0.0,-0.0,221.0,0.0,0
1635,22,1.0,-0.0,-0.0,222.0,0.0,0
1635,23,1.0,-0.0,-0.0,223.0,0.0,47.00
1635,24,1.0,-0.0,-0.0,224.0,0.0,47.00
1635,25,1.0,-0.0,-0.0,225.0,0.0,47.00
1635,26,1.0,-0.0,-0.0,226.0,0.0,47.00
1635,27,1.0,-0.0,-0.0,227.0,0.0,47.00
1635,28,1.0,-0.0,-0.0,228.0,0.0,47.00
1635,29,1.0,-0.0,-0.0,229.0,0.0,47.00
1635,30,1.0,-0.0,-0.0,230.0,0.0,47.00
1635,31,1.0,-0.0,-0.0,231.0,0.0,47.00
1635,32,1.0,-0.0,-0.0,232.0,0.0,47.00
1635,33,1.0,-0.0,-0.0,233.0,0.0,47.00
1635,34,1.0,-0.0,-0.0,234.0,0.0,47.00
1635,35,1.0,-0.0,-0.0,235.0,0.0,47.00
1635,36,1.0,-0.0,-0.0,236.0,0.0,47.00
1635,37,1.0,-0.0,-0.0,237.0,0.0,47.00
1635,38,1.0,-0.0,-0.0,238.0,0.0,47.00
1635,39,1.0,-0.0,-0.0,239.0,0.0,47.00
1635,40,1.0,-0.0,-0.0,240.0,0.0,47.00
1635,41,1.0,-0.0,-0.0,241.0,0.0,14.88
1635,42,1.0,-0.0,-0.0,242.0,0.0,0
1635,43,1.0,-0.0,-0.0,243.0,0.0,47.00
1635,44,1.0,-0.0,-0.0,244.0,0.0,47.00
1635,45,1.0,-0.0,-0.0,245.0,0.0,0
1635,46,1.0,-0.0,-0.0,246.0,0.0,47.00
1635,47,1.0,-0.0,0.0,247.0,0.0,47.00
1635,48,-0.0,-0.0,1.0,-0.0,1.0,0
1849,1,-0.0,0.0,1.0,-0.0,1.0,0
1849,2,-0.0,-0.0,-0.0,-0.0,2.0,0
1849,3,-0.0,-0.0,-0.0,-0.0,3.0,0
1849,4,-0.0,-0.0,-0.0,-0.0,4.0,0
1849,5,-0.0,-0.0,-0.0,-0.0,5.0,0
1849,6,-0.0,-0.0,-0.0,-0.0,6.0,0
1849,7,-0.0,-0.0,-0.0,-0.0,7.0,0
1849,8,-0.0,-0.0,-0.0,-0.0,8.0,0
1849,9,1.0,1.0,-0.0,1.0,0.0,0
1849,10,1.0,-0.0,-0.0,2.0,0.0,0
1849,11,1.0,-0.0,-0.0,3.0,0.0,0
1849,12,1.0,-0.0,-0.0,4.0,0.0,0
1849,13,-0.0,-0.0,1.0,-0.0,1.0,0
1849,14,-0.0,-0.0,-0.0,-0.0,2.0,0
1849,15,1.0,1.0,-0.0,1.0,0.0,0
1849,16,-0.0,-0.0,1.0,-0.0,1.0,0
1849,17,-0.0,-0.0,-0.0,-0.0,2.0,0
1849,18,-0.0,-0.0,-0.0,-0.0,3.0,0
1849,19,-0.0,-0.0,-0.0,-0.0,4.0,0
1849,20,1.0,1.0,-0.0,1.0,0.0,0
1849,21,1.0,-0.0,-0.0,2.0,0.0,0
1849,22,1.0,-0.0,-0.0,3.0,0.0,0
1849,23,1.0,-0.0,-0.0,4.0,0.0,0
1849,24,1.0,-0.0,-0.0,5.0,0.0,0
1849,25,1.0,-0.0,-0.0,6.0,0.0,0
1849,26,1.0,-0.0,-0.0,7.0,0.0,0
1849,27,1.0,-0.0,-0.0,8.0,0.0,0
1849,28,1.0,-0.0,-0.0,9.0,0.0,0
1849,29,1.0,-0.0,-0.0,10.0,0.0,0
1849,30,1.0,-0.0,-0.0,11.0,0.0,0
1849,31,1.0,-0.0,-0.0,12.0,0.0,0
1849,32,1.0,-0.0,-0.0,13.0,0.0,0
1849,33,1.0,-0.0,-0.0,14.0,0.0,0
1849,34,1.0,-0.0,-0.0,15.0,0.0,0
1849,35,1.0,-0.0,-0.0,16.0,0.0,0
1849,36,1.0,-0.0,-0.0,17.0,0.0,0
1849,37,1.0,-0.0,-0.0,18.0,0.0,0
1849,38,1.0,-0.0,-0.0,19.0,0.0,0
1849,39,1.0,-0.0,-0.0,20.0,0.0,0
1849,40,1.0,-0.0,-0.0,21.0,0.0,0
1849,41,1.0,-0.0,-0.0,22.0,0.0,0
1849,42,1.0,-0.0,-0.0,23.0,0.0,0
1849,43,1.0,-0.0,-0.0,24.0,0.0,0
1849,44,1.0,-0.0,-0.0,25.0,0.0,0
1849,45,1.0,-0.0,-0.0,26.0,0.0,0
1849,46,1.0,-0.0,-0.0,27.0,0.0,0
1849,47,1.0,-0.0,-0.0,28.0,0.0,0
1849,48,1.0,-0.0,-0.0,29.0,0.0,0
